id,name,age,height,weight
1,name_1,2,51.0,38.0
2,name_2,8,118.0,26.0
3,name_3,9,73.0,33.0
4,name_4,3,110.0,28.0
5,name_5,5,133.0,20.0
6,name_6,6,140.0,25.0
7,name_7,10,116.0,39.0
8,name_8,7,64.0,38.0
9,name_9,3,75.0,30.0
10,name_10,9,134.0,10.0
11,name_11,2,138.0,24.0
12,name_12,9,114.0,38.0
13,name_13,6,102.0,21.0
14,name_14,7,101.0,5.0
15,name_15,6,74.0,37.0
16,name_16,8,130.0,13.0
17,name_17,8,101.0,33.0
18,name_18,5,78.0,22.0
19,name_19,7,91.0,22.0
20,name_20,2,138.0,25.0
21,name_21,2,89.0,5.0
22,name_22,10,81.0,4.0
23,name_23,3,95.0,9.0
24,name_24,3,108.0,24.0
25,name_25,10,127.0,23.0
26,name_26,2,119.0,27.0
27,name_27,9,76.0,37.0
28,name_28,8,132.0,16.0
29,name_29,2,58.0,17.0
30,name_30,6,100.0,10.0
31,name_31,4,108.0,21.0
32,name_32,6,53.0,28.0
33,name_33,3,58.0,32.0
34,name_34,7,112.0,27.0
35,name_35,3,124.0,27.0
36,name_36,8,108.0,6.0
37,name_37,6,52.0,31.0
38,name_38,8,74.0,10.0
39,name_39,2,139.0,25.0
40,name_40,2,82.0,28.0
41,name_41,4,65.0,8.0
42,name_42,3,100.0,10.0
43,name_43,4,126.0,16.0
44,name_44,3,53.0,22.0
45,name_45,6,116.0,14.0
46,name_46,3,63.0,8.0
47,name_47,3,93.0,35.0
48,name_48,9,117.0,8.0
49,name_49,5,122.0,27.0
50,name_50,9,73.0,31.0
51,name_51,10,112.0,21.0
52,name_52,4,66.0,37.0
53,name_53,2,78.0,23.0
54,name_54,8,137.0,28.0
55,name_55,5,64.0,21.0
56,name_56,9,134.0,5.0
57,name_57,5,58.0,7.0
58,name_58,4,137.0,6.0
59,name_59,5,137.0,22.0
60,name_60,7,116.0,28.0
61,name_61,3,136.0,10.0
62,name_62,10,88.0,9.0
63,name_63,6,136.0,15.0
64,name_64,7,88.0,7.0
65,name_65,3,102.0,18.0
66,name_66,4,51.0,14.0
67,name_67,6,96.0,6.0
68,name_68,9,55.0,29.0
69,name_69,4,80.0,33.0
70,name_70,2,127.0,6.0
71,name_71,9,130.0,39.0
72,name_72,2,111.0,5.0
73,name_73,3,105.0,26.0
74,name_74,3,75.0,29.0
75,name_75,7,62.0,31.0
76,name_76,4,64.0,39.0
77,name_77,5,130.0,16.0
78,name_78,2,84.0,26.0
79,name_79,10,131.0,27.0
80,name_80,6,86.0,26.0
81,name_81,10,114.0,32.0
82,name_82,8,86.0,31.0
83,name_83,6,92.0,29.0
84,name_84,2,72.0,4.0
85,name_85,4,103.0,39.0
86,name_86,10,62.0,28.0
87,name_87,10,111.0,24.0
88,name_88,9,76.0,4.0
89,name_89,4,78.0,29.0
90,name_90,6,99.0,8.0
91,name_91,2,110.0,14.0
92,name_92,6,90.0,33.0
93,name_93,7,134.0,28.0
94,name_94,6,103.0,18.0
95,name_95,3,107.0,28.0
96,name_96,5,63.0,19.0
97,name_97,8,85.0,30.0
98,name_98,5,51.0,31.0
99,name_99,7,55.0,15.0
100,name_100,5,136.0,26.0
101,name_101,4,81.0,39.0
102,name_102,9,81.0,9.0
103,name_103,8,69.0,35.0
104,name_104,7,99.0,34.0
105,name_105,6,54.0,29.0
106,name_106,5,104.0,40.0
107,name_107,3,135.0,8.0
108,name_108,9,119.0,15.0
109,name_109,4,104.0,5.0
110,name_110,5,117.0,26.0
111,name_111,9,94.0,34.0
112,name_112,8,53.0,4.0
113,name_113,10,121.0,5.0
114,name_114,9,72.0,25.0
115,name_115,3,68.0,19.0
116,name_116,6,89.0,23.0
117,name_117,4,139.0,4.0
118,name_118,2,78.0,16.0
119,name_119,8,127.0,37.0
120,name_120,2,92.0,9.0
121,name_121,5,109.0,39.0
122,name_122,9,84.0,16.0
123,name_123,6,109.0,28.0
124,name_124,4,106.0,8.0
125,name_125,9,102.0,21.0
126,name_126,7,128.0,16.0
127,name_127,3,117.0,11.0
128,name_128,9,90.0,31.0
129,name_129,5,135.0,17.0
130,name_130,2,74.0,6.0
131,name_131,7,113.0,31.0
132,name_132,7,107.0,20.0
133,name_133,5,106.0,37.0
134,name_134,7,85.0,7.0
135,name_135,4,58.0,27.0
136,name_136,9,100.0,6.0
137,name_137,8,87.0,35.0
138,name_138,10,89.0,10.0
139,name_139,7,77.0,33.0
140,name_140,3,83.0,15.0
141,name_141,6,103.0,18.0
142,name_142,4,136.0,7.0
143,name_143,7,112.0,28.0
144,name_144,3,60.0,36.0
145,name_145,2,106.0,38.0
146,name_146,9,81.0,11.0
147,name_147,10,71.0,12.0
148,name_148,6,137.0,11.0
149,name_149,2,136.0,20.0
150,name_150,4,82.0,31.0
151,name_151,7,137.0,37.0
152,name_152,7,91.0,16.0
153,name_153,5,133.0,19.0
154,name_154,4,71.0,13.0
155,name_155,7,73.0,20.0
156,name_156,6,56.0,35.0
157,name_157,2,134.0,16.0
158,name_158,10,111.0,23.0
159,name_159,7,104.0,6.0
160,name_160,6,81.0,10.0
161,name_161,10,54.0,20.0
162,name_162,2,61.0,15.0
163,name_163,3,128.0,35.0
164,name_164,8,136.0,27.0
165,name_165,4,99.0,36.0
166,name_166,8,136.0,27.0
167,name_167,4,93.0,24.0
168,name_168,5,55.0,12.0
169,name_169,2,87.0,39.0
170,name_170,7,52.0,17.0
171,name_171,8,104.0,32.0
172,name_172,2,61.0,16.0
173,name_173,4,102.0,37.0
174,name_174,9,101.0,11.0
175,name_175,4,54.0,11.0
176,name_176,10,130.0,31.0
177,name_177,2,136.0,28.0
178,name_178,5,68.0,28.0
179,name_179,9,134.0,13.0
180,name_180,6,134.0,4.0
181,name_181,4,73.0,22.0
182,name_182,8,69.0,33.0
183,name_183,5,99.0,24.0
184,name_184,3,140.0,25.0
185,name_185,10,139.0,6.0
186,name_186,5,111.0,12.0
187,name_187,3,59.0,4.0
188,name_188,8,126.0,35.0
189,name_189,9,88.0,28.0
190,name_190,2,91.0,39.0
191,name_191,6,96.0,6.0
192,name_192,9,64.0,8.0
193,name_193,3,91.0,31.0
194,name_194,5,122.0,31.0
195,name_195,4,78.0,27.0
196,name_196,4,79.0,35.0
197,name_197,4,124.0,14.0
198,name_198,10,57.0,17.0
199,name_199,8,74.0,14.0
200,name_200,7,61.0,34.0
201,name_201,9,91.0,36.0
202,name_202,2,100.0,27.0
203,name_203,7,128.0,27.0
204,name_204,7,68.0,7.0
205,name_205,10,73.0,24.0
206,name_206,10,61.0,31.0
207,name_207,5,105.0,38.0
208,name_208,9,89.0,26.0
209,name_209,8,52.0,33.0
210,name_210,10,57.0,30.0
211,name_211,4,92.0,17.0
212,name_212,6,71.0,30.0
213,name_213,9,72.0,25.0
214,name_214,3,60.0,4.0
215,name_215,9,138.0,20.0
216,name_216,4,61.0,30.0
217,name_217,4,59.0,31.0
218,name_218,5,115.0,20.0
219,name_219,2,125.0,5.0
220,name_220,8,104.0,30.0
221,name_221,9,56.0,32.0
222,name_222,8,71.0,4.0
223,name_223,5,116.0,25.0
224,name_224,8,114.0,22.0
225,name_225,5,70.0,6.0
226,name_226,8,65.0,32.0
227,name_227,5,113.0,13.0
228,name_228,4,92.0,23.0
229,name_229,4,125.0,14.0
230,name_230,10,138.0,38.0
231,name_231,8,136.0,23.0
232,name_232,8,61.0,17.0
233,name_233,6,78.0,7.0
234,name_234,7,104.0,12.0
235,name_235,4,134.0,29.0
236,name_236,7,73.0,12.0
237,name_237,6,104.0,25.0
238,name_238,3,129.0,4.0
239,name_239,5,57.0,8.0
240,name_240,5,86.0,38.0
241,name_241,6,112.0,38.0
242,name_242,7,65.0,4.0
243,name_243,7,139.0,8.0
244,name_244,7,125.0,11.0
245,name_245,7,69.0,16.0
246,name_246,2,71.0,5.0
247,name_247,5,60.0,11.0
248,name_248,7,116.0,28.0
249,name_249,2,87.0,33.0
250,name_250,9,113.0,40.0
251,name_251,10,97.0,36.0
252,name_252,9,86.0,24.0
253,name_253,7,88.0,11.0
254,name_254,9,96.0,5.0
255,name_255,8,94.0,12.0
256,name_256,8,139.0,30.0
257,name_257,7,136.0,37.0
258,name_258,8,115.0,22.0
259,name_259,5,69.0,4.0
260,name_260,6,82.0,15.0
261,name_261,6,115.0,40.0
262,name_262,8,121.0,28.0
263,name_263,10,139.0,39.0
264,name_264,9,56.0,39.0
265,name_265,7,80.0,30.0
266,name_266,7,116.0,37.0
267,name_267,5,57.0,13.0
268,name_268,3,123.0,27.0
269,name_269,9,67.0,21.0
270,name_270,8,91.0,39.0
271,name_271,5,61.0,19.0
272,name_272,8,90.0,40.0
273,name_273,7,58.0,26.0
274,name_274,8,139.0,27.0
275,name_275,4,72.0,22.0
276,name_276,9,102.0,19.0
277,name_277,5,92.0,14.0
278,name_278,10,65.0,33.0
279,name_279,6,82.0,6.0
280,name_280,5,91.0,12.0
281,name_281,9,89.0,28.0
282,name_282,2,63.0,27.0
283,name_283,8,114.0,18.0
284,name_284,9,134.0,11.0
285,name_285,3,86.0,18.0
286,name_286,8,114.0,10.0
287,name_287,9,102.0,17.0
288,name_288,2,81.0,20.0
289,name_289,4,124.0,19.0
290,name_290,7,105.0,16.0
291,name_291,9,58.0,40.0
292,name_292,8,110.0,8.0
293,name_293,7,107.0,16.0
294,name_294,9,74.0,31.0
295,name_295,10,79.0,36.0
296,name_296,5,86.0,32.0
297,name_297,7,139.0,38.0
298,name_298,8,112.0,16.0
299,name_299,7,62.0,32.0
300,name_300,6,58.0,39.0
301,name_301,7,53.0,18.0
302,name_302,9,71.0,22.0
303,name_303,9,96.0,8.0
304,name_304,3,80.0,11.0
305,name_305,2,119.0,25.0
306,name_306,7,73.0,21.0
307,name_307,7,91.0,23.0
308,name_308,4,121.0,8.0
309,name_309,4,54.0,15.0
310,name_310,6,102.0,15.0
311,name_311,10,99.0,4.0
312,name_312,5,139.0,29.0
313,name_313,7,116.0,39.0
314,name_314,7,58.0,27.0
315,name_315,10,135.0,33.0
316,name_316,3,69.0,29.0
317,name_317,9,57.0,35.0
318,name_318,2,137.0,21.0
319,name_319,6,52.0,27.0
320,name_320,2,98.0,18.0
321,name_321,5,130.0,9.0
322,name_322,3,72.0,33.0
323,name_323,3,109.0,28.0
324,name_324,5,124.0,4.0
325,name_325,7,140.0,9.0
326,name_326,8,86.0,28.0
327,name_327,2,95.0,11.0
328,name_328,6,134.0,8.0
329,name_329,9,122.0,21.0
330,name_330,10,91.0,15.0
331,name_331,4,75.0,26.0
332,name_332,4,103.0,5.0
333,name_333,5,52.0,33.0
334,name_334,10,85.0,6.0
335,name_335,3,109.0,31.0
336,name_336,9,122.0,23.0
337,name_337,4,124.0,13.0
338,name_338,9,70.0,29.0
339,name_339,9,55.0,32.0
340,name_340,8,72.0,5.0
341,name_341,6,84.0,17.0
342,name_342,7,71.0,10.0
343,name_343,4,105.0,16.0
344,name_344,10,100.0,39.0
345,name_345,3,64.0,8.0
346,name_346,3,73.0,36.0
347,name_347,7,101.0,37.0
348,name_348,9,83.0,18.0
349,name_349,9,64.0,9.0
350,name_350,4,55.0,16.0
351,name_351,6,106.0,23.0
352,name_352,9,89.0,30.0
353,name_353,4,69.0,12.0
354,name_354,6,128.0,33.0
355,name_355,5,100.0,26.0
356,name_356,5,129.0,17.0
357,name_357,4,66.0,6.0
358,name_358,9,59.0,37.0
359,name_359,3,78.0,37.0
360,name_360,8,105.0,5.0
361,name_361,5,112.0,16.0
362,name_362,7,57.0,23.0
363,name_363,5,72.0,8.0
364,name_364,10,72.0,18.0
365,name_365,4,72.0,16.0
366,name_366,10,134.0,28.0
367,name_367,6,113.0,35.0
368,name_368,3,83.0,13.0
369,name_369,3,57.0,36.0
370,name_370,3,53.0,32.0
371,name_371,9,114.0,6.0
372,name_372,4,69.0,9.0
373,name_373,3,78.0,7.0
374,name_374,6,69.0,25.0
375,name_375,4,93.0,27.0
376,name_376,8,133.0,14.0
377,name_377,8,103.0,34.0
378,name_378,5,95.0,15.0
379,name_379,2,62.0,27.0
380,name_380,9,52.0,31.0
381,name_381,8,74.0,10.0
382,name_382,2,128.0,7.0
383,name_383,9,51.0,21.0
384,name_384,4,67.0,39.0
385,name_385,3,63.0,7.0
386,name_386,2,128.0,12.0
387,name_387,7,72.0,20.0
388,name_388,6,71.0,25.0
389,name_389,4,98.0,35.0
390,name_390,8,54.0,5.0
391,name_391,2,77.0,12.0
392,name_392,4,115.0,30.0
393,name_393,5,135.0,20.0
394,name_394,6,134.0,13.0
395,name_395,6,104.0,24.0
396,name_396,10,66.0,39.0
397,name_397,4,90.0,18.0
398,name_398,8,73.0,10.0
399,name_399,3,68.0,24.0
400,name_400,3,57.0,38.0
401,name_401,5,76.0,10.0
402,name_402,2,110.0,10.0
403,name_403,10,69.0,10.0
404,name_404,4,119.0,5.0
405,name_405,10,106.0,12.0
406,name_406,4,129.0,19.0
407,name_407,6,68.0,23.0
408,name_408,10,87.0,5.0
409,name_409,10,105.0,11.0
410,name_410,4,96.0,35.0
411,name_411,8,140.0,35.0
412,name_412,4,137.0,37.0
413,name_413,7,89.0,12.0
414,name_414,10,131.0,30.0
415,name_415,9,69.0,19.0
416,name_416,6,65.0,16.0
417,name_417,4,73.0,21.0
418,name_418,7,121.0,40.0
419,name_419,7,54.0,18.0
420,name_420,9,139.0,19.0
421,name_421,3,81.0,17.0
422,name_422,9,129.0,39.0
423,name_423,4,80.0,36.0
424,name_424,6,112.0,40.0
425,name_425,10,106.0,15.0
426,name_426,8,121.0,28.0
427,name_427,10,134.0,28.0
428,name_428,6,113.0,35.0
429,name_429,3,74.0,34.0
430,name_430,5,87.0,35.0
431,name_431,3,138.0,24.0
432,name_432,9,82.0,16.0
433,name_433,8,84.0,35.0
434,name_434,2,123.0,34.0
435,name_435,8,78.0,13.0
436,name_436,5,54.0,7.0
437,name_437,5,107.0,40.0
438,name_438,2,93.0,6.0
439,name_439,10,77.0,33.0
440,name_440,3,81.0,13.0
441,name_441,3,74.0,30.0
442,name_442,8,102.0,27.0
443,name_443,6,112.0,34.0
444,name_444,2,131.0,14.0
445,name_445,8,107.0,6.0
446,name_446,5,127.0,6.0
447,name_447,8,87.0,37.0
448,name_448,4,100.0,40.0
449,name_449,4,105.0,6.0
450,name_450,6,89.0,24.0
451,name_451,6,138.0,13.0
452,name_452,5,66.0,28.0
453,name_453,9,70.0,23.0
454,name_454,2,108.0,4.0
455,name_455,3,130.0,34.0
456,name_456,6,62.0,6.0
457,name_457,10,103.0,4.0
458,name_458,5,125.0,40.0
459,name_459,6,77.0,9.0
460,name_460,9,112.0,39.0
461,name_461,8,117.0,23.0
462,name_462,5,92.0,7.0
463,name_463,3,79.0,11.0
464,name_464,2,111.0,10.0
465,name_465,10,133.0,37.0
466,name_466,8,65.0,21.0
467,name_467,10,57.0,29.0
468,name_468,3,121.0,19.0
469,name_469,9,117.0,13.0
470,name_470,2,109.0,40.0
471,name_471,10,123.0,11.0
472,name_472,7,84.0,7.0
473,name_473,4,79.0,27.0
474,name_474,4,83.0,5.0
475,name_475,3,98.0,12.0
476,name_476,7,69.0,14.0
477,name_477,8,51.0,30.0
478,name_478,7,131.0,27.0
479,name_479,5,80.0,15.0
480,name_480,7,68.0,7.0
481,name_481,9,131.0,40.0
482,name_482,4,94.0,24.0
483,name_483,4,121.0,6.0
484,name_484,10,100.0,37.0
485,name_485,9,108.0,25.0
486,name_486,10,140.0,9.0
487,name_487,8,71.0,38.0
488,name_488,2,86.0,34.0
489,name_489,10,65.0,5.0
490,name_490,8,98.0,20.0
491,name_491,7,119.0,40.0
492,name_492,7,58.0,25.0
493,name_493,8,109.0,11.0
494,name_494,3,138.0,21.0
495,name_495,5,120.0,24.0
496,name_496,5,87.0,34.0
497,name_497,10,54.0,21.0
498,name_498,4,131.0,28.0
499,name_499,8,81.0,29.0
500,name_500,5,55.0,40.0
501,name_1,20,151.0,59.0
502,name_2,15,175.0,80.0
503,name_3,14,179.0,64.0
504,name_4,12,172.0,65.0
505,name_5,18,174.0,78.0
506,name_6,13,152.0,69.0
507,name_7,18,163.0,63.0
508,name_8,12,141.0,65.0
509,name_9,11,161.0,54.0
510,name_10,12,162.0,58.0
511,name_11,16,151.0,70.0
512,name_12,20,154.0,80.0
513,name_13,20,169.0,69.0
514,name_14,15,153.0,42.0
515,name_15,13,153.0,69.0
516,name_16,17,143.0,55.0
517,name_17,17,147.0,76.0
518,name_18,20,177.0,73.0
519,name_19,14,144.0,62.0
520,name_20,14,155.0,64.0
521,name_21,19,169.0,76.0
522,name_22,14,176.0,60.0
523,name_23,18,156.0,66.0
524,name_24,11,148.0,74.0
525,name_25,17,173.0,44.0
526,name_26,11,173.0,80.0
527,name_27,16,169.0,80.0
528,name_28,18,168.0,53.0
529,name_29,15,152.0,47.0
530,name_30,20,142.0,59.0
531,name_31,13,175.0,61.0
532,name_32,20,149.0,51.0
533,name_33,17,165.0,41.0
534,name_34,13,144.0,70.0
535,name_35,15,142.0,73.0
536,name_36,20,160.0,59.0
537,name_37,19,143.0,65.0
538,name_38,19,158.0,64.0
539,name_39,17,163.0,74.0
540,name_40,15,178.0,51.0
541,name_41,15,156.0,66.0
542,name_42,11,145.0,63.0
543,name_43,15,164.0,65.0
544,name_44,14,171.0,75.0
545,name_45,11,165.0,79.0
546,name_46,20,143.0,52.0
547,name_47,13,160.0,65.0
548,name_48,17,155.0,75.0
549,name_49,13,167.0,62.0
550,name_50,18,144.0,47.0
551,name_51,17,162.0,74.0
552,name_52,17,166.0,50.0
553,name_53,14,176.0,61.0
554,name_54,19,174.0,65.0
555,name_55,15,161.0,49.0
556,name_56,16,144.0,70.0
557,name_57,15,148.0,60.0
558,name_58,19,172.0,55.0
559,name_59,15,144.0,49.0
560,name_60,18,180.0,72.0
561,name_61,20,154.0,76.0
562,name_62,14,150.0,41.0
563,name_63,14,178.0,62.0
564,name_64,19,163.0,51.0
565,name_65,17,161.0,63.0
566,name_66,14,174.0,51.0
567,name_67,18,148.0,64.0
568,name_68,14,142.0,44.0
569,name_69,14,157.0,43.0
570,name_70,11,143.0,47.0
571,name_71,17,176.0,55.0
572,name_72,13,176.0,75.0
573,name_73,17,162.0,72.0
574,name_74,14,158.0,45.0
575,name_75,13,172.0,50.0
576,name_76,20,171.0,44.0
577,name_77,12,157.0,69.0
578,name_78,14,156.0,41.0
579,name_79,19,157.0,55.0
580,name_80,16,172.0,48.0
581,name_81,17,159.0,61.0
582,name_82,12,151.0,75.0
583,name_83,15,171.0,55.0
584,name_84,16,176.0,64.0
585,name_85,14,141.0,80.0
586,name_86,20,165.0,53.0
587,name_87,17,159.0,53.0
588,name_88,12,141.0,59.0
589,name_89,13,142.0,54.0
590,name_90,16,177.0,73.0
591,name_91,14,146.0,72.0
592,name_92,16,151.0,69.0
593,name_93,18,166.0,78.0
594,name_94,19,151.0,73.0
595,name_95,14,147.0,74.0
596,name_96,18,145.0,57.0
597,name_97,17,145.0,63.0
598,name_98,15,167.0,78.0
599,name_99,18,171.0,65.0
600,name_100,18,144.0,45.0
601,name_101,14,147.0,76.0
602,name_102,11,153.0,64.0
603,name_103,11,156.0,72.0
604,name_104,18,157.0,73.0
605,name_105,19,169.0,44.0
606,name_106,13,143.0,60.0
607,name_107,13,180.0,45.0
608,name_108,16,162.0,80.0
609,name_109,14,170.0,65.0
610,name_110,19,162.0,42.0
611,name_111,17,178.0,74.0
612,name_112,14,152.0,56.0
613,name_113,11,179.0,70.0
614,name_114,18,171.0,59.0
615,name_115,11,168.0,54.0
616,name_116,17,157.0,41.0
617,name_117,19,146.0,47.0
618,name_118,14,154.0,66.0
619,name_119,12,178.0,46.0
620,name_120,20,146.0,79.0
621,name_121,14,144.0,51.0
622,name_122,20,149.0,43.0
623,name_123,18,155.0,68.0
624,name_124,14,163.0,73.0
625,name_125,15,168.0,45.0
626,name_126,16,155.0,46.0
627,name_127,17,169.0,67.0
628,name_128,13,146.0,41.0
629,name_129,17,154.0,68.0
630,name_130,14,169.0,62.0
631,name_131,15,176.0,79.0
632,name_132,12,174.0,69.0
633,name_133,12,159.0,79.0
634,name_134,14,180.0,76.0
635,name_135,14,154.0,59.0
636,name_136,14,152.0,58.0
637,name_137,13,144.0,64.0
638,name_138,17,166.0,47.0
639,name_139,20,146.0,78.0
640,name_140,13,152.0,73.0
641,name_141,12,156.0,60.0
642,name_142,13,175.0,61.0
643,name_143,20,148.0,45.0
644,name_144,11,170.0,67.0
645,name_145,12,166.0,71.0
646,name_146,19,148.0,50.0
647,name_147,17,158.0,54.0
648,name_148,14,169.0,62.0
649,name_149,16,143.0,71.0
650,name_150,16,160.0,73.0
651,name_151,16,154.0,43.0
652,name_152,13,180.0,52.0
653,name_153,15,154.0,57.0
654,name_154,11,173.0,44.0
655,name_155,20,155.0,44.0
656,name_156,13,148.0,45.0
657,name_157,11,167.0,55.0
658,name_158,18,168.0,47.0
659,name_159,19,161.0,47.0
660,name_160,13,172.0,50.0
661,name_161,18,143.0,44.0
662,name_162,13,145.0,71.0
663,name_163,14,169.0,54.0
664,name_164,16,179.0,42.0
665,name_165,13,153.0,68.0
666,name_166,15,152.0,42.0
667,name_167,14,161.0,63.0
668,name_168,13,172.0,44.0
669,name_169,11,180.0,71.0
670,name_170,20,148.0,52.0
671,name_171,19,153.0,43.0
672,name_172,14,167.0,51.0
673,name_173,13,157.0,57.0
674,name_174,18,165.0,70.0
675,name_175,19,148.0,53.0
676,name_176,11,143.0,53.0
677,name_177,14,142.0,41.0
678,name_178,19,157.0,58.0
679,name_179,20,159.0,59.0
680,name_180,19,178.0,44.0
681,name_181,17,143.0,55.0
682,name_182,16,172.0,51.0
683,name_183,20,179.0,80.0
684,name_184,20,177.0,68.0
685,name_185,17,156.0,77.0
686,name_186,14,180.0,77.0
687,name_187,17,156.0,44.0
688,name_188,13,146.0,72.0
689,name_189,16,160.0,68.0
690,name_190,11,178.0,69.0
691,name_191,18,158.0,45.0
692,name_192,12,161.0,42.0
693,name_193,18,156.0,72.0
694,name_194,18,158.0,79.0
695,name_195,15,155.0,61.0
696,name_196,15,167.0,42.0
697,name_197,12,167.0,77.0
698,name_198,15,170.0,48.0
699,name_199,18,149.0,74.0
700,name_200,16,147.0,49.0
701,name_201,16,143.0,69.0
702,name_202,15,174.0,42.0
703,name_203,17,180.0,45.0
704,name_204,17,170.0,74.0
705,name_205,20,150.0,52.0
706,name_206,18,144.0,44.0
707,name_207,12,162.0,49.0
708,name_208,15,169.0,47.0
709,name_209,17,170.0,72.0
710,name_210,17,143.0,50.0
711,name_211,11,165.0,76.0
712,name_212,16,150.0,57.0
713,name_213,14,168.0,52.0
714,name_214,15,148.0,66.0
715,name_215,17,158.0,47.0
716,name_216,16,143.0,73.0
717,name_217,19,171.0,54.0
718,name_218,15,142.0,78.0
719,name_219,16,147.0,41.0
720,name_220,17,179.0,80.0
721,name_221,11,151.0,46.0
722,name_222,20,157.0,45.0
723,name_223,14,156.0,76.0
724,name_224,14,180.0,76.0
725,name_225,16,174.0,69.0
726,name_226,20,175.0,52.0
727,name_227,19,162.0,41.0
728,name_228,15,149.0,68.0
729,name_229,18,177.0,46.0
730,name_230,11,165.0,43.0
731,name_231,15,179.0,60.0
732,name_232,17,165.0,50.0
733,name_233,13,172.0,44.0
734,name_234,11,179.0,69.0
735,name_235,17,143.0,56.0
736,name_236,18,158.0,80.0
737,name_237,18,164.0,73.0
738,name_238,13,174.0,59.0
739,name_239,19,169.0,43.0
740,name_240,12,167.0,72.0
741,name_241,20,160.0,63.0
742,name_242,14,146.0,62.0
743,name_243,14,180.0,79.0
744,name_244,19,158.0,65.0
745,name_245,17,165.0,43.0
746,name_246,15,141.0,69.0
747,name_247,16,160.0,76.0
748,name_248,20,149.0,47.0
749,name_249,12,159.0,68.0
750,name_250,11,157.0,70.0
751,name_251,16,155.0,51.0
752,name_252,13,159.0,62.0
753,name_253,14,142.0,48.0
754,name_254,19,167.0,73.0
755,name_255,11,169.0,58.0
756,name_256,11,142.0,80.0
757,name_257,19,147.0,55.0
758,name_258,13,152.0,68.0
759,name_259,15,158.0,70.0
760,name_260,14,165.0,77.0
761,name_261,18,148.0,62.0
762,name_262,12,146.0,51.0
763,name_263,19,159.0,72.0
764,name_264,16,158.0,60.0
765,name_265,11,141.0,74.0
766,name_266,12,150.0,70.0
767,name_267,11,174.0,45.0
768,name_268,11,176.0,51.0
769,name_269,18,169.0,57.0
770,name_270,20,163.0,76.0
771,name_271,19,154.0,51.0
772,name_272,13,163.0,41.0
773,name_273,14,177.0,57.0
774,name_274,13,150.0,55.0
775,name_275,11,142.0,45.0
776,name_276,15,172.0,66.0
777,name_277,19,152.0,79.0
778,name_278,19,164.0,52.0
779,name_279,17,151.0,61.0
780,name_280,17,178.0,64.0
781,name_281,12,180.0,58.0
782,name_282,13,178.0,77.0
783,name_283,18,149.0,69.0
784,name_284,20,164.0,43.0
785,name_285,16,165.0,55.0
786,name_286,20,169.0,68.0
787,name_287,13,156.0,43.0
788,name_288,12,158.0,73.0
789,name_289,18,154.0,57.0
790,name_290,11,141.0,77.0
791,name_291,15,170.0,50.0
792,name_292,20,178.0,77.0
793,name_293,18,143.0,80.0
794,name_294,18,172.0,67.0
795,name_295,20,176.0,62.0
796,name_296,20,150.0,52.0
797,name_297,18,141.0,69.0
798,name_298,15,155.0,52.0
799,name_299,14,180.0,75.0
800,name_300,14,147.0,70.0
801,name_301,12,172.0,54.0
802,name_302,14,167.0,52.0
803,name_303,15,154.0,54.0
804,name_304,17,156.0,78.0
805,name_305,16,174.0,66.0
806,name_306,17,151.0,59.0
807,name_307,15,180.0,62.0
808,name_308,17,174.0,47.0
809,name_309,14,144.0,58.0
810,name_310,20,154.0,75.0
811,name_311,14,149.0,78.0
812,name_312,11,155.0,71.0
813,name_313,18,153.0,56.0
814,name_314,20,172.0,80.0
815,name_315,16,177.0,75.0
816,name_316,17,156.0,48.0
817,name_317,17,177.0,59.0
818,name_318,17,174.0,49.0
819,name_319,16,146.0,80.0
820,name_320,16,179.0,41.0
821,name_321,13,144.0,71.0
822,name_322,16,164.0,49.0
823,name_323,14,180.0,79.0
824,name_324,19,161.0,78.0
825,name_325,12,177.0,44.0
826,name_326,17,148.0,75.0
827,name_327,18,150.0,75.0
828,name_328,16,155.0,43.0
829,name_329,13,145.0,70.0
830,name_330,15,174.0,79.0
831,name_331,13,155.0,45.0
832,name_332,15,144.0,78.0
833,name_333,15,160.0,41.0
834,name_334,17,180.0,46.0
835,name_335,17,141.0,80.0
836,name_336,20,172.0,45.0
837,name_337,12,161.0,44.0
838,name_338,19,179.0,53.0
839,name_339,17,162.0,62.0
840,name_340,12,146.0,49.0
841,name_341,17,161.0,69.0
842,name_342,11,180.0,73.0
843,name_343,12,153.0,45.0
844,name_344,16,166.0,56.0
845,name_345,11,150.0,80.0
846,name_346,12,172.0,60.0
847,name_347,12,142.0,75.0
848,name_348,13,167.0,61.0
849,name_349,17,165.0,49.0
850,name_350,12,145.0,45.0
851,name_351,13,172.0,52.0
852,name_352,11,150.0,48.0
853,name_353,12,152.0,80.0
854,name_354,11,143.0,55.0
855,name_355,16,170.0,80.0
856,name_356,18,171.0,65.0
857,name_357,18,174.0,42.0
858,name_358,17,180.0,42.0
859,name_359,13,147.0,42.0
860,name_360,17,149.0,43.0
861,name_361,17,148.0,77.0
862,name_362,11,154.0,65.0
863,name_363,11,156.0,73.0
864,name_364,19,143.0,63.0
865,name_365,17,171.0,70.0
866,name_366,15,174.0,79.0
867,name_367,14,168.0,58.0
868,name_368,12,162.0,49.0
869,name_369,15,163.0,61.0
870,name_370,20,178.0,41.0
871,name_371,13,150.0,59.0
872,name_372,16,151.0,71.0
873,name_373,11,178.0,64.0
874,name_374,11,168.0,47.0
875,name_375,18,148.0,71.0
876,name_376,13,177.0,75.0
877,name_377,16,154.0,79.0
878,name_378,18,175.0,44.0
879,name_379,19,146.0,80.0
880,name_380,16,179.0,42.0
881,name_381,13,148.0,48.0
882,name_382,14,154.0,63.0
883,name_383,19,157.0,64.0
884,name_384,17,167.0,50.0
885,name_385,12,148.0,57.0
886,name_386,15,147.0,56.0
887,name_387,15,152.0,80.0
888,name_388,11,149.0,77.0
889,name_389,11,152.0,55.0
890,name_390,20,171.0,76.0
891,name_391,12,177.0,52.0
892,name_392,17,159.0,53.0
893,name_393,13,146.0,80.0
894,name_394,16,175.0,63.0
895,name_395,13,166.0,54.0
896,name_396,19,144.0,41.0
897,name_397,18,175.0,77.0
898,name_398,11,160.0,50.0
899,name_399,18,143.0,43.0
900,name_400,12,158.0,71.0
901,name_401,16,159.0,66.0
902,name_402,18,144.0,43.0
903,name_403,11,177.0,62.0
904,name_404,20,149.0,45.0
905,name_405,19,148.0,52.0
906,name_406,19,149.0,66.0
907,name_407,16,168.0,75.0
908,name_408,13,163.0,48.0
909,name_409,12,157.0,58.0
910,name_410,11,173.0,41.0
911,name_411,16,169.0,76.0
912,name_412,14,144.0,56.0
913,name_413,17,151.0,50.0
914,name_414,15,154.0,58.0
915,name_415,13,172.0,50.0
916,name_416,18,152.0,43.0
917,name_417,15,147.0,57.0
918,name_418,17,172.0,43.0
919,name_419,20,160.0,65.0
920,name_420,17,160.0,56.0
921,name_421,15,146.0,53.0
922,name_422,12,170.0,53.0
923,name_423,14,179.0,67.0
924,name_424,15,153.0,48.0
925,name_425,20,150.0,55.0
926,name_426,11,152.0,47.0
927,name_427,11,166.0,42.0
928,name_428,14,166.0,46.0
929,name_429,18,155.0,63.0
930,name_430,18,145.0,50.0
931,name_431,20,172.0,47.0
932,name_432,16,143.0,72.0
933,name_433,18,163.0,58.0
934,name_434,15,144.0,41.0
935,name_435,18,177.0,46.0
936,name_436,11,169.0,60.0
937,name_437,13,171.0,46.0
938,name_438,14,158.0,46.0
939,name_439,14,145.0,68.0
940,name_440,12,163.0,56.0
941,name_441,13,179.0,46.0
942,name_442,19,173.0,61.0
943,name_443,11,178.0,59.0
944,name_444,15,178.0,53.0
945,name_445,18,174.0,75.0
946,name_446,19,168.0,75.0
947,name_447,13,172.0,43.0
948,name_448,20,169.0,66.0
949,name_449,11,153.0,56.0
950,name_450,11,180.0,73.0
951,name_451,11,144.0,44.0
952,name_452,13,172.0,52.0
953,name_453,11,160.0,52.0
954,name_454,19,167.0,64.0
955,name_455,20,176.0,67.0
956,name_456,17,153.0,63.0
957,name_457,20,173.0,54.0
958,name_458,13,149.0,53.0
959,name_459,20,173.0,50.0
960,name_460,17,171.0,70.0
961,name_461,14,165.0,80.0
962,name_462,11,158.0,80.0
963,name_463,16,174.0,60.0
964,name_464,20,158.0,49.0
965,name_465,18,142.0,78.0
966,name_466,17,156.0,41.0
967,name_467,20,166.0,57.0
968,name_468,11,151.0,42.0
969,name_469,14,175.0,44.0
970,name_470,19,149.0,55.0
971,name_471,13,141.0,57.0
972,name_472,20,163.0,80.0
973,name_473,13,144.0,73.0
974,name_474,19,164.0,59.0
975,name_475,17,170.0,71.0
976,name_476,17,142.0,48.0
977,name_477,18,153.0,49.0
978,name_478,12,152.0,76.0
979,name_479,16,179.0,51.0
980,name_480,15,150.0,80.0
981,name_481,13,154.0,76.0
982,name_482,15,163.0,60.0
983,name_483,18,153.0,52.0
984,name_484,16,172.0,54.0
985,name_485,14,166.0,50.0
986,name_486,13,167.0,61.0
987,name_487,16,145.0,78.0
988,name_488,14,179.0,72.0
989,name_489,20,167.0,52.0
990,name_490,15,161.0,46.0
991,name_491,12,160.0,75.0
992,name_492,19,167.0,72.0
993,name_493,20,148.0,48.0
994,name_494,14,156.0,72.0
995,name_495,19,165.0,69.0
996,name_496,17,154.0,64.0
997,name_497,20,174.0,58.0
998,name_498,17,146.0,63.0
999,name_499,15,159.0,41.0
1000,name_500,17,156.0,77.0
1001,name_1,21,157.0,71.0
1002,name_2,22,155.0,53.0
1003,name_3,21,154.0,59.0
1004,name_4,29,186.0,88.0
1005,name_5,26,193.0,79.0
1006,name_6,30,177.0,86.0
1007,name_7,29,174.0,85.0
1008,name_8,29,195.0,80.0
1009,name_9,21,156.0,64.0
1010,name_10,24,190.0,85.0
1011,name_11,30,166.0,75.0
1012,name_12,22,190.0,74.0
1013,name_13,26,158.0,89.0
1014,name_14,24,197.0,75.0
1015,name_15,23,166.0,84.0
1016,name_16,24,151.0,56.0
1017,name_17,27,197.0,76.0
1018,name_18,24,198.0,77.0
1019,name_19,25,172.0,79.0
1020,name_20,23,157.0,88.0
1021,name_21,23,168.0,54.0
1022,name_22,24,177.0,73.0
1023,name_23,23,184.0,73.0
1024,name_24,28,158.0,68.0
1025,name_25,28,162.0,53.0
1026,name_26,27,196.0,79.0
1027,name_27,29,151.0,71.0
1028,name_28,27,174.0,71.0
1029,name_29,22,161.0,75.0
1030,name_30,25,173.0,84.0
1031,name_31,30,200.0,60.0
1032,name_32,22,161.0,72.0
1033,name_33,30,168.0,82.0
1034,name_34,30,162.0,64.0
1035,name_35,21,159.0,80.0
1036,name_36,23,196.0,83.0
1037,name_37,25,179.0,76.0
1038,name_38,25,168.0,66.0
1039,name_39,29,156.0,52.0
1040,name_40,29,153.0,82.0
1041,name_41,28,181.0,75.0
1042,name_42,24,182.0,62.0
1043,name_43,26,188.0,58.0
1044,name_44,28,154.0,56.0
1045,name_45,25,200.0,72.0
1046,name_46,27,187.0,76.0
1047,name_47,30,198.0,84.0
1048,name_48,24,171.0,87.0
1049,name_49,24,189.0,89.0
1050,name_50,26,185.0,85.0
1051,name_51,23,181.0,64.0
1052,name_52,29,173.0,71.0
1053,name_53,23,196.0,75.0
1054,name_54,24,154.0,57.0
1055,name_55,27,181.0,60.0
1056,name_56,24,194.0,66.0
1057,name_57,24,182.0,54.0
1058,name_58,25,161.0,74.0
1059,name_59,24,193.0,60.0
1060,name_60,27,175.0,73.0
1061,name_61,24,154.0,63.0
1062,name_62,24,189.0,84.0
1063,name_63,29,184.0,85.0
1064,name_64,24,157.0,73.0
1065,name_65,25,173.0,51.0
1066,name_66,27,173.0,56.0
1067,name_67,23,156.0,76.0
1068,name_68,29,163.0,82.0
1069,name_69,22,175.0,88.0
1070,name_70,22,159.0,62.0
1071,name_71,29,182.0,68.0
1072,name_72,24,166.0,73.0
1073,name_73,29,178.0,60.0
1074,name_74,25,190.0,69.0
1075,name_75,30,178.0,81.0
1076,name_76,22,183.0,76.0
1077,name_77,23,176.0,78.0
1078,name_78,29,166.0,89.0
1079,name_79,30,182.0,68.0
1080,name_80,24,162.0,60.0
1081,name_81,26,190.0,67.0
1082,name_82,27,159.0,83.0
1083,name_83,26,175.0,77.0
1084,name_84,29,157.0,57.0
1085,name_85,25,195.0,51.0
1086,name_86,24,187.0,77.0
1087,name_87,21,161.0,87.0
1088,name_88,30,159.0,86.0
1089,name_89,30,151.0,62.0
1090,name_90,24,197.0,74.0
1091,name_91,22,155.0,87.0
1092,name_92,24,195.0,70.0
1093,name_93,28,172.0,83.0
1094,name_94,28,163.0,54.0
1095,name_95,27,200.0,89.0
1096,name_96,29,179.0,58.0
1097,name_97,23,173.0,76.0
1098,name_98,29,176.0,85.0
1099,name_99,29,178.0,60.0
1100,name_100,26,161.0,63.0
1101,name_101,30,182.0,65.0
1102,name_102,30,191.0,56.0
1103,name_103,23,186.0,87.0
1104,name_104,24,157.0,71.0
1105,name_105,22,173.0,75.0
1106,name_106,28,154.0,89.0
1107,name_107,27,160.0,55.0
1108,name_108,30,179.0,88.0
1109,name_109,30,154.0,67.0
1110,name_110,29,200.0,66.0
1111,name_111,30,191.0,52.0
1112,name_112,28,182.0,89.0
1113,name_113,29,176.0,86.0
1114,name_114,30,156.0,78.0
1115,name_115,22,172.0,86.0
1116,name_116,22,156.0,52.0
1117,name_117,30,171.0,64.0
1118,name_118,25,171.0,73.0
1119,name_119,27,176.0,74.0
1120,name_120,25,164.0,56.0
1121,name_121,30,158.0,51.0
1122,name_122,26,198.0,90.0
1123,name_123,22,179.0,73.0
1124,name_124,21,174.0,61.0
1125,name_125,29,181.0,69.0
1126,name_126,25,194.0,89.0
1127,name_127,23,173.0,68.0
1128,name_128,29,197.0,54.0
1129,name_129,27,154.0,64.0
1130,name_130,25,171.0,74.0
1131,name_131,27,188.0,75.0
1132,name_132,29,177.0,90.0
1133,name_133,24,191.0,89.0
1134,name_134,24,198.0,76.0
1135,name_135,24,188.0,80.0
1136,name_136,25,197.0,65.0
1137,name_137,30,193.0,62.0
1138,name_138,30,193.0,67.0
1139,name_139,25,158.0,65.0
1140,name_140,24,188.0,75.0
1141,name_141,28,155.0,57.0
1142,name_142,25,194.0,89.0
1143,name_143,22,152.0,75.0
1144,name_144,30,192.0,65.0
1145,name_145,24,175.0,70.0
1146,name_146,30,174.0,65.0
1147,name_147,25,159.0,71.0
1148,name_148,30,172.0,59.0
1149,name_149,28,153.0,54.0
1150,name_150,23,191.0,67.0
1151,name_151,27,193.0,66.0
1152,name_152,25,196.0,64.0
1153,name_153,30,176.0,85.0
1154,name_154,29,173.0,83.0
1155,name_155,28,165.0,60.0
1156,name_156,23,182.0,65.0
1157,name_157,30,176.0,81.0
1158,name_158,23,154.0,73.0
1159,name_159,27,173.0,66.0
1160,name_160,26,181.0,67.0
1161,name_161,23,153.0,71.0
1162,name_162,24,156.0,73.0
1163,name_163,25,188.0,63.0
1164,name_164,23,172.0,63.0
1165,name_165,23,167.0,88.0
1166,name_166,28,190.0,81.0
1167,name_167,25,194.0,55.0
1168,name_168,29,152.0,74.0
1169,name_169,29,172.0,74.0
1170,name_170,27,180.0,89.0
1171,name_171,21,172.0,89.0
1172,name_172,26,183.0,79.0
1173,name_173,27,157.0,76.0
1174,name_174,29,165.0,88.0
1175,name_175,29,168.0,59.0
1176,name_176,21,181.0,85.0
1177,name_177,26,154.0,80.0
1178,name_178,25,155.0,53.0
1179,name_179,21,159.0,77.0
1180,name_180,28,199.0,68.0
1181,name_181,23,155.0,74.0
1182,name_182,27,177.0,80.0
1183,name_183,21,196.0,69.0
1184,name_184,26,179.0,53.0
1185,name_185,27,155.0,67.0
1186,name_186,29,156.0,89.0
1187,name_187,25,162.0,85.0
1188,name_188,27,179.0,90.0
1189,name_189,23,160.0,61.0
1190,name_190,28,154.0,90.0
1191,name_191,28,186.0,65.0
1192,name_192,27,167.0,74.0
1193,name_193,30,198.0,86.0
1194,name_194,27,174.0,70.0
1195,name_195,30,176.0,74.0
1196,name_196,24,155.0,64.0
1197,name_197,25,152.0,88.0
1198,name_198,27,160.0,56.0
1199,name_199,22,164.0,87.0
1200,name_200,28,152.0,87.0
1201,name_201,25,169.0,75.0
1202,name_202,30,152.0,59.0
1203,name_203,30,167.0,77.0
1204,name_204,23,176.0,76.0
1205,name_205,28,183.0,55.0
1206,name_206,26,175.0,81.0
1207,name_207,24,184.0,56.0
1208,name_208,27,200.0,87.0
1209,name_209,26,162.0,66.0
1210,name_210,22,192.0,72.0
1211,name_211,23,185.0,78.0
1212,name_212,24,178.0,81.0
1213,name_213,22,178.0,61.0
1214,name_214,27,184.0,61.0
1215,name_215,23,185.0,74.0
1216,name_216,29,166.0,56.0
1217,name_217,28,169.0,75.0
1218,name_218,30,195.0,74.0
1219,name_219,23,174.0,76.0
1220,name_220,28,198.0,67.0
1221,name_221,23,195.0,83.0
1222,name_222,24,164.0,64.0
1223,name_223,29,164.0,84.0
1224,name_224,24,157.0,79.0
1225,name_225,22,174.0,52.0
1226,name_226,28,178.0,73.0
1227,name_227,23,166.0,88.0
1228,name_228,28,155.0,53.0
1229,name_229,21,199.0,83.0
1230,name_230,22,158.0,67.0
1231,name_231,26,182.0,67.0
1232,name_232,22,183.0,80.0
1233,name_233,28,170.0,82.0
1234,name_234,29,185.0,89.0
1235,name_235,28,198.0,68.0
1236,name_236,24,166.0,73.0
1237,name_237,29,182.0,75.0
1238,name_238,22,190.0,74.0
1239,name_239,26,159.0,53.0
1240,name_240,29,154.0,83.0
1241,name_241,29,192.0,74.0
1242,name_242,24,162.0,51.0
1243,name_243,24,187.0,73.0
1244,name_244,27,168.0,88.0
1245,name_245,27,178.0,78.0
1246,name_246,29,158.0,58.0
1247,name_247,25,191.0,76.0
1248,name_248,28,152.0,83.0
1249,name_249,30,164.0,72.0
1250,name_250,29,186.0,90.0
1251,name_251,28,195.0,58.0
1252,name_252,23,183.0,70.0
1253,name_253,25,199.0,68.0
1254,name_254,23,152.0,66.0
1255,name_255,28,188.0,66.0
1256,name_256,27,161.0,51.0
1257,name_257,25,158.0,70.0
1258,name_258,30,162.0,63.0
1259,name_259,30,181.0,64.0
1260,name_260,29,159.0,65.0
1261,name_261,23,161.0,63.0
1262,name_262,30,183.0,69.0
1263,name_263,24,179.0,77.0
1264,name_264,27,153.0,66.0
1265,name_265,29,154.0,82.0
1266,name_266,27,157.0,75.0
1267,name_267,27,169.0,89.0
1268,name_268,27,176.0,70.0
1269,name_269,29,153.0,71.0
1270,name_270,25,185.0,56.0
1271,name_271,26,179.0,55.0
1272,name_272,28,178.0,67.0
1273,name_273,25,193.0,89.0
1274,name_274,24,184.0,68.0
1275,name_275,22,182.0,73.0
1276,name_276,30,195.0,80.0
1277,name_277,21,151.0,85.0
1278,name_278,24,157.0,75.0
1279,name_279,27,177.0,77.0
1280,name_280,27,166.0,74.0
1281,name_281,30,159.0,88.0
1282,name_282,22,197.0,58.0
1283,name_283,22,164.0,85.0
1284,name_284,26,153.0,76.0
1285,name_285,21,173.0,90.0
1286,name_286,27,158.0,85.0
1287,name_287,29,178.0,64.0
1288,name_288,30,195.0,71.0
1289,name_289,29,193.0,76.0
1290,name_290,26,154.0,72.0
1291,name_291,26,200.0,65.0
1292,name_292,29,164.0,78.0
1293,name_293,27,162.0,58.0
1294,name_294,23,184.0,76.0
1295,name_295,22,190.0,73.0
1296,name_296,24,161.0,89.0
1297,name_297,22,192.0,81.0
1298,name_298,23,158.0,85.0
1299,name_299,29,188.0,58.0
1300,name_300,27,190.0,87.0
1301,name_301,23,176.0,83.0
1302,name_302,26,161.0,67.0
1303,name_303,25,153.0,85.0
1304,name_304,23,172.0,70.0
1305,name_305,22,169.0,66.0
1306,name_306,28,190.0,74.0
1307,name_307,26,194.0,81.0
1308,name_308,23,152.0,65.0
1309,name_309,28,172.0,51.0
1310,name_310,28,186.0,64.0
1311,name_311,26,177.0,58.0
1312,name_312,23,197.0,80.0
1313,name_313,29,160.0,65.0
1314,name_314,22,192.0,76.0
1315,name_315,27,164.0,69.0
1316,name_316,26,158.0,59.0
1317,name_317,27,183.0,61.0
1318,name_318,24,152.0,51.0
1319,name_319,21,156.0,68.0
1320,name_320,29,196.0,53.0
1321,name_321,26,182.0,67.0
1322,name_322,23,193.0,73.0
1323,name_323,24,196.0,74.0
1324,name_324,23,167.0,90.0
1325,name_325,30,187.0,84.0
1326,name_326,30,166.0,79.0
1327,name_327,27,194.0,74.0
1328,name_328,24,188.0,82.0
1329,name_329,28,175.0,54.0
1330,name_330,21,195.0,64.0
1331,name_331,21,155.0,64.0
1332,name_332,25,170.0,70.0
1333,name_333,23,195.0,75.0
1334,name_334,25,164.0,52.0
1335,name_335,25,198.0,70.0
1336,name_336,27,184.0,69.0
1337,name_337,23,196.0,84.0
1338,name_338,24,171.0,88.0
1339,name_339,25,168.0,70.0
1340,name_340,24,170.0,84.0
1341,name_341,21,180.0,86.0
1342,name_342,27,189.0,82.0
1343,name_343,26,178.0,90.0
1344,name_344,24,181.0,55.0
1345,name_345,28,175.0,58.0
1346,name_346,24,170.0,82.0
1347,name_347,28,173.0,89.0
1348,name_348,25,179.0,64.0
1349,name_349,30,191.0,58.0
1350,name_350,26,153.0,76.0
1351,name_351,22,179.0,74.0
1352,name_352,22,155.0,88.0
1353,name_353,25,178.0,63.0
1354,name_354,30,180.0,59.0
1355,name_355,24,155.0,67.0
1356,name_356,28,185.0,54.0
1357,name_357,24,181.0,88.0
1358,name_358,29,168.0,59.0
1359,name_359,21,189.0,73.0
1360,name_360,26,156.0,84.0
1361,name_361,29,198.0,54.0
1362,name_362,26,172.0,71.0
1363,name_363,23,197.0,83.0
1364,name_364,22,179.0,62.0
1365,name_365,27,175.0,70.0
1366,name_366,30,159.0,54.0
1367,name_367,30,167.0,88.0
1368,name_368,27,176.0,74.0
1369,name_369,24,157.0,72.0
1370,name_370,23,183.0,72.0
1371,name_371,28,154.0,54.0
1372,name_372,23,153.0,69.0
1373,name_373,22,170.0,70.0
1374,name_374,23,196.0,79.0
1375,name_375,28,193.0,85.0
1376,name_376,28,166.0,60.0
1377,name_377,23,166.0,89.0
1378,name_378,30,183.0,69.0
1379,name_379,25,186.0,63.0
1380,name_380,25,157.0,68.0
1381,name_381,28,180.0,74.0
1382,name_382,22,157.0,54.0
1383,name_383,21,200.0,82.0
1384,name_384,30,169.0,90.0
1385,name_385,29,173.0,74.0
1386,name_386,27,169.0,87.0
1387,name_387,26,193.0,77.0
1388,name_388,29,154.0,87.0
1389,name_389,23,190.0,51.0
1390,name_390,28,179.0,79.0
1391,name_391,29,163.0,75.0
1392,name_392,24,190.0,90.0
1393,name_393,26,193.0,72.0
1394,name_394,22,162.0,75.0
1395,name_395,25,161.0,82.0
1396,name_396,24,167.0,76.0
1397,name_397,23,157.0,52.0
1398,name_398,29,152.0,75.0
1399,name_399,21,167.0,70.0
1400,name_400,26,153.0,80.0
1401,name_401,26,178.0,54.0
1402,name_402,28,184.0,88.0
1403,name_403,28,197.0,66.0
1404,name_404,22,178.0,62.0
1405,name_405,29,163.0,82.0
1406,name_406,22,181.0,67.0
1407,name_407,24,164.0,68.0
1408,name_408,24,179.0,79.0
1409,name_409,29,163.0,75.0
1410,name_410,24,192.0,56.0
1411,name_411,23,180.0,65.0
1412,name_412,21,160.0,83.0
1413,name_413,25,192.0,84.0
1414,name_414,27,184.0,69.0
1415,name_415,24,159.0,85.0
1416,name_416,29,186.0,88.0
1417,name_417,26,194.0,80.0
1418,name_418,22,171.0,78.0
1419,name_419,22,192.0,76.0
1420,name_420,27,170.0,90.0
1421,name_421,29,154.0,85.0
1422,name_422,22,161.0,72.0
1423,name_423,21,191.0,83.0
1424,name_424,27,186.0,75.0
1425,name_425,30,155.0,70.0
1426,name_426,22,160.0,74.0
1427,name_427,24,191.0,57.0
1428,name_428,24,167.0,71.0
1429,name_429,27,180.0,54.0
1430,name_430,27,153.0,62.0
1431,name_431,23,175.0,75.0
1432,name_432,27,170.0,90.0
1433,name_433,28,192.0,85.0
1434,name_434,29,179.0,65.0
1435,name_435,22,176.0,59.0
1436,name_436,26,151.0,69.0
1437,name_437,23,195.0,79.0
1438,name_438,30,174.0,74.0
1439,name_439,25,181.0,75.0
1440,name_440,24,183.0,65.0
1441,name_441,29,165.0,82.0
1442,name_442,22,164.0,90.0
1443,name_443,21,174.0,55.0
1444,name_444,22,177.0,54.0
1445,name_445,29,195.0,90.0
1446,name_446,23,172.0,62.0
1447,name_447,22,151.0,71.0
1448,name_448,26,161.0,67.0
1449,name_449,25,152.0,81.0
1450,name_450,28,178.0,68.0
1451,name_451,26,176.0,86.0
1452,name_452,29,175.0,89.0
1453,name_453,24,154.0,57.0
1454,name_454,27,187.0,77.0
1455,name_455,22,185.0,51.0
1456,name_456,21,160.0,82.0
1457,name_457,25,185.0,58.0
1458,name_458,29,192.0,72.0
1459,name_459,22,169.0,61.0
1460,name_460,23,167.0,51.0
1461,name_461,21,153.0,58.0
1462,name_462,28,165.0,57.0
1463,name_463,30,157.0,86.0
1464,name_464,21,180.0,82.0
1465,name_465,23,187.0,90.0
1466,name_466,28,198.0,65.0
1467,name_467,21,196.0,71.0
1468,name_468,29,191.0,67.0
1469,name_469,27,200.0,52.0
1470,name_470,23,152.0,69.0
1471,name_471,23,195.0,77.0
1472,name_472,26,151.0,60.0
1473,name_473,22,164.0,80.0
1474,name_474,30,166.0,83.0
1475,name_475,22,165.0,90.0
1476,name_476,21,164.0,60.0
1477,name_477,24,161.0,84.0
1478,name_478,27,184.0,68.0
1479,name_479,22,170.0,72.0
1480,name_480,26,198.0,58.0
1481,name_481,22,151.0,79.0
1482,name_482,26,176.0,89.0
1483,name_483,24,187.0,77.0
1484,name_484,21,173.0,52.0
1485,name_485,28,194.0,89.0
1486,name_486,22,200.0,69.0
1487,name_487,24,167.0,74.0
1488,name_488,30,192.0,69.0
1489,name_489,28,169.0,76.0
1490,name_490,22,180.0,75.0
1491,name_491,23,181.0,59.0
1492,name_492,23,177.0,88.0
1493,name_493,21,182.0,85.0
1494,name_494,25,178.0,70.0
1495,name_495,29,181.0,73.0
1496,name_496,30,164.0,66.0
1497,name_497,22,177.0,60.0
1498,name_498,26,160.0,60.0
1499,name_499,27,173.0,63.0
1500,name_500,22,152.0,75.0
1501,name_1,31,172.0,67.0
1502,name_2,36,161.0,82.0
1503,name_3,35,200.0,94.0
1504,name_4,40,158.0,108.0
1505,name_5,36,173.0,89.0
1506,name_6,33,190.0,62.0
1507,name_7,32,177.0,65.0
1508,name_8,32,170.0,86.0
1509,name_9,32,164.0,116.0
1510,name_10,39,171.0,90.0
1511,name_11,35,181.0,105.0
1512,name_12,40,174.0,88.0
1513,name_13,31,196.0,73.0
1514,name_14,37,174.0,77.0
1515,name_15,34,176.0,98.0
1516,name_16,38,179.0,102.0
1517,name_17,40,168.0,59.0
1518,name_18,32,189.0,75.0
1519,name_19,32,200.0,81.0
1520,name_20,40,191.0,62.0
1521,name_21,31,195.0,75.0
1522,name_22,39,176.0,112.0
1523,name_23,39,184.0,107.0
1524,name_24,40,162.0,83.0
1525,name_25,35,192.0,111.0
1526,name_26,38,171.0,97.0
1527,name_27,40,194.0,87.0
1528,name_28,39,182.0,99.0
1529,name_29,35,168.0,79.0
1530,name_30,38,178.0,92.0
1531,name_31,32,156.0,59.0
1532,name_32,40,184.0,85.0
1533,name_33,33,190.0,72.0
1534,name_34,39,184.0,100.0
1535,name_35,34,198.0,91.0
1536,name_36,39,190.0,76.0
1537,name_37,33,156.0,117.0
1538,name_38,34,152.0,59.0
1539,name_39,32,187.0,62.0
1540,name_40,34,166.0,96.0
1541,name_41,32,191.0,101.0
1542,name_42,31,199.0,106.0
1543,name_43,31,186.0,87.0
1544,name_44,34,165.0,79.0
1545,name_45,40,179.0,59.0
1546,name_46,36,185.0,103.0
1547,name_47,36,185.0,101.0
1548,name_48,35,155.0,65.0
1549,name_49,35,194.0,116.0
1550,name_50,31,176.0,79.0
1551,name_51,33,163.0,86.0
1552,name_52,36,172.0,86.0
1553,name_53,31,186.0,87.0
1554,name_54,33,152.0,71.0
1555,name_55,32,197.0,74.0
1556,name_56,37,168.0,109.0
1557,name_57,31,188.0,94.0
1558,name_58,38,196.0,77.0
1559,name_59,39,176.0,110.0
1560,name_60,38,151.0,115.0
1561,name_61,36,199.0,69.0
1562,name_62,32,157.0,66.0
1563,name_63,35,190.0,95.0
1564,name_64,37,173.0,75.0
1565,name_65,32,193.0,110.0
1566,name_66,36,175.0,97.0
1567,name_67,38,189.0,97.0
1568,name_68,39,175.0,105.0
1569,name_69,34,181.0,115.0
1570,name_70,38,195.0,73.0
1571,name_71,37,183.0,65.0
1572,name_72,38,171.0,104.0
1573,name_73,36,170.0,81.0
1574,name_74,38,190.0,90.0
1575,name_75,34,200.0,120.0
1576,name_76,40,197.0,103.0
1577,name_77,39,158.0,66.0
1578,name_78,34,156.0,95.0
1579,name_79,38,188.0,97.0
1580,name_80,40,189.0,57.0
1581,name_81,39,152.0,98.0
1582,name_82,32,151.0,85.0
1583,name_83,33,189.0,67.0
1584,name_84,36,167.0,117.0
1585,name_85,38,188.0,97.0
1586,name_86,40,182.0,86.0
1587,name_87,35,187.0,79.0
1588,name_88,37,154.0,84.0
1589,name_89,40,180.0,119.0
1590,name_90,32,183.0,115.0
1591,name_91,37,173.0,77.0
1592,name_92,33,170.0,64.0
1593,name_93,36,158.0,72.0
1594,name_94,38,157.0,77.0
1595,name_95,33,160.0,71.0
1596,name_96,37,167.0,112.0
1597,name_97,33,196.0,98.0
1598,name_98,36,194.0,96.0
1599,name_99,36,187.0,59.0
1600,name_100,32,168.0,82.0
1601,name_101,31,197.0,89.0
1602,name_102,39,182.0,97.0
1603,name_103,33,173.0,84.0
1604,name_104,39,151.0,87.0
1605,name_105,34,167.0,95.0
1606,name_106,31,163.0,71.0
1607,name_107,35,178.0,78.0
1608,name_108,31,169.0,94.0
1609,name_109,39,181.0,82.0
1610,name_110,32,186.0,119.0
1611,name_111,39,154.0,115.0
1612,name_112,35,163.0,59.0
1613,name_113,35,163.0,111.0
1614,name_114,36,199.0,79.0
1615,name_115,39,158.0,73.0
1616,name_116,39,169.0,79.0
1617,name_117,37,170.0,109.0
1618,name_118,40,175.0,84.0
1619,name_119,38,164.0,69.0
1620,name_120,33,176.0,113.0
1621,name_121,39,185.0,110.0
1622,name_122,32,162.0,101.0
1623,name_123,39,152.0,97.0
1624,name_124,32,186.0,67.0
1625,name_125,38,155.0,73.0
1626,name_126,31,181.0,109.0
1627,name_127,34,152.0,69.0
1628,name_128,40,167.0,102.0
1629,name_129,36,177.0,59.0
1630,name_130,37,159.0,109.0
1631,name_131,37,188.0,108.0
1632,name_132,38,178.0,82.0
1633,name_133,34,172.0,68.0
1634,name_134,37,191.0,119.0
1635,name_135,35,172.0,106.0
1636,name_136,36,174.0,100.0
1637,name_137,40,194.0,84.0
1638,name_138,36,172.0,86.0
1639,name_139,31,154.0,60.0
1640,name_140,32,174.0,115.0
1641,name_141,32,162.0,91.0
1642,name_142,31,184.0,66.0
1643,name_143,39,179.0,80.0
1644,name_144,32,190.0,82.0
1645,name_145,37,153.0,77.0
1646,name_146,35,173.0,108.0
1647,name_147,37,195.0,85.0
1648,name_148,37,189.0,118.0
1649,name_149,36,186.0,120.0
1650,name_150,39,160.0,84.0
1651,name_151,37,188.0,117.0
1652,name_152,35,173.0,112.0
1653,name_153,31,174.0,77.0
1654,name_154,33,159.0,64.0
1655,name_155,32,176.0,119.0
1656,name_156,34,192.0,63.0
1657,name_157,32,158.0,85.0
1658,name_158,39,190.0,87.0
1659,name_159,31,187.0,89.0
1660,name_160,35,175.0,68.0
1661,name_161,36,198.0,68.0
1662,name_162,32,162.0,96.0
1663,name_163,35,174.0,119.0
1664,name_164,35,164.0,59.0
1665,name_165,35,197.0,82.0
1666,name_166,33,157.0,112.0
1667,name_167,40,151.0,74.0
1668,name_168,35,158.0,89.0
1669,name_169,32,162.0,101.0
1670,name_170,39,199.0,80.0
1671,name_171,40,187.0,104.0
1672,name_172,36,171.0,88.0
1673,name_173,33,182.0,85.0
1674,name_174,34,180.0,107.0
1675,name_175,32,179.0,73.0
1676,name_176,37,176.0,93.0
1677,name_177,34,154.0,71.0
1678,name_178,31,165.0,85.0
1679,name_179,35,185.0,68.0
1680,name_180,40,154.0,94.0
1681,name_181,37,185.0,82.0
1682,name_182,40,180.0,60.0
1683,name_183,36,176.0,116.0
1684,name_184,32,198.0,76.0
1685,name_185,37,175.0,81.0
1686,name_186,36,169.0,75.0
1687,name_187,35,157.0,83.0
1688,name_188,37,163.0,65.0
1689,name_189,40,172.0,70.0
1690,name_190,39,174.0,111.0
1691,name_191,39,183.0,105.0
1692,name_192,39,196.0,56.0
1693,name_193,34,182.0,65.0
1694,name_194,39,191.0,90.0
1695,name_195,33,176.0,115.0
1696,name_196,31,164.0,78.0
1697,name_197,40,183.0,86.0
1698,name_198,34,168.0,99.0
1699,name_199,33,176.0,95.0
1700,name_200,36,192.0,93.0
1701,name_201,34,156.0,87.0
1702,name_202,31,196.0,79.0
1703,name_203,31,154.0,75.0
1704,name_204,33,169.0,63.0
1705,name_205,35,190.0,99.0
1706,name_206,31,153.0,68.0
1707,name_207,38,169.0,89.0
1708,name_208,35,187.0,76.0
1709,name_209,34,191.0,57.0
1710,name_210,37,167.0,93.0
1711,name_211,39,186.0,113.0
1712,name_212,34,151.0,120.0
1713,name_213,40,195.0,87.0
1714,name_214,39,178.0,76.0
1715,name_215,40,185.0,98.0
1716,name_216,33,160.0,74.0
1717,name_217,39,166.0,59.0
1718,name_218,34,173.0,72.0
1719,name_219,40,200.0,62.0
1720,name_220,36,163.0,101.0
1721,name_221,38,184.0,62.0
1722,name_222,35,157.0,66.0
1723,name_223,35,179.0,98.0
1724,name_224,36,184.0,107.0
1725,name_225,40,168.0,117.0
1726,name_226,37,171.0,60.0
1727,name_227,32,179.0,82.0
1728,name_228,33,161.0,71.0
1729,name_229,36,191.0,94.0
1730,name_230,35,184.0,116.0
1731,name_231,36,161.0,72.0
1732,name_232,37,177.0,100.0
1733,name_233,39,158.0,69.0
1734,name_234,37,170.0,63.0
1735,name_235,34,183.0,59.0
1736,name_236,34,169.0,116.0
1737,name_237,36,153.0,91.0
1738,name_238,36,168.0,114.0
1739,name_239,36,191.0,90.0
1740,name_240,32,170.0,82.0
1741,name_241,39,197.0,66.0
1742,name_242,31,178.0,105.0
1743,name_243,32,172.0,100.0
1744,name_244,32,193.0,101.0
1745,name_245,40,176.0,107.0
1746,name_246,35,188.0,88.0
1747,name_247,33,181.0,82.0
1748,name_248,33,192.0,89.0
1749,name_249,31,196.0,75.0
1750,name_250,38,187.0,89.0
1751,name_251,34,168.0,93.0
1752,name_252,39,183.0,96.0
1753,name_253,32,192.0,105.0
1754,name_254,33,155.0,99.0
1755,name_255,31,158.0,99.0
1756,name_256,39,171.0,83.0
1757,name_257,39,199.0,74.0
1758,name_258,36,193.0,98.0
1759,name_259,37,174.0,76.0
1760,name_260,32,197.0,61.0
1761,name_261,37,195.0,95.0
1762,name_262,34,197.0,95.0
1763,name_263,33,169.0,62.0
1764,name_264,35,189.0,94.0
1765,name_265,37,172.0,72.0
1766,name_266,40,199.0,120.0
1767,name_267,31,168.0,94.0
1768,name_268,40,190.0,70.0
1769,name_269,38,194.0,73.0
1770,name_270,38,195.0,67.0
1771,name_271,33,185.0,100.0
1772,name_272,34,186.0,90.0
1773,name_273,35,196.0,58.0
1774,name_274,36,169.0,78.0
1775,name_275,37,154.0,89.0
1776,name_276,34,160.0,116.0
1777,name_277,31,182.0,115.0
1778,name_278,37,180.0,116.0
1779,name_279,40,188.0,59.0
1780,name_280,40,186.0,96.0
1781,name_281,31,157.0,98.0
1782,name_282,39,174.0,101.0
1783,name_283,31,165.0,71.0
1784,name_284,34,198.0,105.0
1785,name_285,40,175.0,94.0
1786,name_286,35,181.0,98.0
1787,name_287,35,159.0,90.0
1788,name_288,32,156.0,65.0
1789,name_289,35,181.0,106.0
1790,name_290,31,152.0,119.0
1791,name_291,38,198.0,83.0
1792,name_292,33,151.0,76.0
1793,name_293,36,191.0,79.0
1794,name_294,34,191.0,117.0
1795,name_295,33,175.0,99.0
1796,name_296,39,171.0,81.0
1797,name_297,38,172.0,118.0
1798,name_298,36,194.0,101.0
1799,name_299,39,167.0,118.0
1800,name_300,39,168.0,70.0
1801,name_301,31,176.0,83.0
1802,name_302,36,186.0,106.0
1803,name_303,38,167.0,84.0
1804,name_304,33,194.0,94.0
1805,name_305,34,154.0,72.0
1806,name_306,31,179.0,95.0
1807,name_307,34,152.0,59.0
1808,name_308,32,187.0,62.0
1809,name_309,34,170.0,118.0
1810,name_310,37,161.0,70.0
1811,name_311,35,185.0,57.0
1812,name_312,31,154.0,71.0
1813,name_313,31,168.0,99.0
1814,name_314,34,185.0,84.0
1815,name_315,32,168.0,78.0
1816,name_316,37,170.0,116.0
1817,name_317,35,172.0,111.0
1818,name_318,40,165.0,92.0
1819,name_319,40,197.0,114.0
1820,name_320,38,194.0,70.0
1821,name_321,35,185.0,59.0
1822,name_322,32,191.0,85.0
1823,name_323,39,199.0,70.0
1824,name_324,33,178.0,56.0
1825,name_325,34,192.0,61.0
1826,name_326,40,164.0,95.0
1827,name_327,33,177.0,110.0
1828,name_328,36,174.0,91.0
1829,name_329,34,200.0,118.0
1830,name_330,39,161.0,96.0
1831,name_331,36,182.0,99.0
1832,name_332,35,152.0,116.0
1833,name_333,36,198.0,61.0
1834,name_334,36,181.0,76.0
1835,name_335,38,197.0,76.0
1836,name_336,38,153.0,109.0
1837,name_337,40,174.0,79.0
1838,name_338,35,198.0,88.0
1839,name_339,37,188.0,109.0
1840,name_340,39,191.0,88.0
1841,name_341,31,192.0,117.0
1842,name_342,33,176.0,102.0
1843,name_343,31,153.0,65.0
1844,name_344,36,170.0,74.0
1845,name_345,33,167.0,118.0
1846,name_346,39,163.0,107.0
1847,name_347,33,182.0,93.0
1848,name_348,40,157.0,104.0
1849,name_349,34,178.0,99.0
1850,name_350,37,168.0,103.0
1851,name_351,37,200.0,59.0
1852,name_352,33,161.0,72.0
1853,name_353,37,165.0,94.0
1854,name_354,31,185.0,67.0
1855,name_355,39,180.0,85.0
1856,name_356,36,165.0,112.0
1857,name_357,35,189.0,85.0
1858,name_358,40,170.0,63.0
1859,name_359,34,181.0,115.0
1860,name_360,37,186.0,88.0
1861,name_361,34,169.0,104.0
1862,name_362,37,196.0,97.0
1863,name_363,35,176.0,60.0
1864,name_364,38,191.0,98.0
1865,name_365,39,165.0,115.0
1866,name_366,37,180.0,116.0
1867,name_367,39,181.0,83.0
1868,name_368,33,156.0,104.0
1869,name_369,34,183.0,64.0
1870,name_370,37,199.0,108.0
1871,name_371,32,163.0,109.0
1872,name_372,35,178.0,91.0
1873,name_373,31,186.0,79.0
1874,name_374,37,162.0,68.0
1875,name_375,33,180.0,74.0
1876,name_376,37,173.0,70.0
1877,name_377,38,160.0,97.0
1878,name_378,37,160.0,60.0
1879,name_379,38,184.0,60.0
1880,name_380,34,167.0,105.0
1881,name_381,39,190.0,88.0
1882,name_382,31,200.0,101.0
1883,name_383,36,171.0,92.0
1884,name_384,37,165.0,99.0
1885,name_385,35,164.0,117.0
1886,name_386,40,195.0,97.0
1887,name_387,36,180.0,85.0
1888,name_388,35,151.0,98.0
1889,name_389,33,160.0,74.0
1890,name_390,39,170.0,84.0
1891,name_391,40,177.0,106.0
1892,name_392,34,160.0,56.0
1893,name_393,35,163.0,116.0
1894,name_394,39,181.0,83.0
1895,name_395,33,159.0,119.0
1896,name_396,34,200.0,106.0
1897,name_397,40,171.0,68.0
1898,name_398,38,157.0,84.0
1899,name_399,39,188.0,77.0
1900,name_400,34,196.0,84.0
1901,name_401,35,198.0,78.0
1902,name_402,40,175.0,102.0
1903,name_403,32,173.0,115.0
1904,name_404,32,161.0,87.0
1905,name_405,38,170.0,100.0
1906,name_406,33,155.0,105.0
1907,name_407,36,176.0,112.0
1908,name_408,39,180.0,81.0
1909,name_409,33,194.0,105.0
1910,name_410,32,174.0,114.0
1911,name_411,31,184.0,63.0
1912,name_412,36,176.0,112.0
1913,name_413,38,166.0,69.0
1914,name_414,32,152.0,102.0
1915,name_415,36,176.0,116.0
1916,name_416,32,194.0,119.0
1917,name_417,33,174.0,90.0
1918,name_418,33,176.0,115.0
1919,name_419,31,172.0,59.0
1920,name_420,40,188.0,108.0
1921,name_421,39,181.0,94.0
1922,name_422,32,197.0,69.0
1923,name_423,33,180.0,72.0
1924,name_424,35,187.0,64.0
1925,name_425,35,154.0,112.0
1926,name_426,32,200.0,97.0
1927,name_427,32,199.0,77.0
1928,name_428,38,191.0,102.0
1929,name_429,32,191.0,85.0
1930,name_430,39,191.0,90.0
1931,name_431,33,177.0,117.0
1932,name_432,32,157.0,61.0
1933,name_433,31,193.0,68.0
1934,name_434,35,178.0,86.0
1935,name_435,38,158.0,98.0
1936,name_436,38,193.0,118.0
1937,name_437,33,180.0,56.0
1938,name_438,34,180.0,119.0
1939,name_439,32,185.0,61.0
1940,name_440,34,174.0,77.0
1941,name_441,33,155.0,106.0
1942,name_442,37,191.0,66.0
1943,name_443,34,169.0,106.0
1944,name_444,38,168.0,92.0
1945,name_445,38,154.0,62.0
1946,name_446,34,163.0,77.0
1947,name_447,39,171.0,85.0
1948,name_448,31,183.0,71.0
1949,name_449,33,183.0,82.0
1950,name_450,32,166.0,70.0
1951,name_451,32,157.0,65.0
1952,name_452,34,176.0,78.0
1953,name_453,33,160.0,66.0
1954,name_454,33,189.0,60.0
1955,name_455,31,156.0,76.0
1956,name_456,34,179.0,116.0
1957,name_457,40,196.0,105.0
1958,name_458,31,198.0,94.0
1959,name_459,31,188.0,82.0
1960,name_460,39,190.0,92.0
1961,name_461,35,177.0,74.0
1962,name_462,39,175.0,112.0
1963,name_463,39,185.0,112.0
1964,name_464,33,193.0,79.0
1965,name_465,33,163.0,85.0
1966,name_466,36,162.0,92.0
1967,name_467,32,154.0,113.0
1968,name_468,33,173.0,93.0
1969,name_469,36,195.0,112.0
1970,name_470,37,193.0,67.0
1971,name_471,34,151.0,66.0
1972,name_472,38,162.0,114.0
1973,name_473,39,175.0,114.0
1974,name_474,31,182.0,118.0
1975,name_475,40,187.0,111.0
1976,name_476,31,196.0,74.0
1977,name_477,38,184.0,69.0
1978,name_478,31,184.0,65.0
1979,name_479,38,165.0,69.0
1980,name_480,32,164.0,110.0
1981,name_481,34,166.0,85.0
1982,name_482,34,163.0,72.0
1983,name_483,36,151.0,80.0
1984,name_484,39,157.0,60.0
1985,name_485,40,188.0,104.0
1986,name_486,35,156.0,68.0
1987,name_487,36,167.0,117.0
1988,name_488,38,195.0,66.0
1989,name_489,32,164.0,117.0
1990,name_490,39,177.0,58.0
1991,name_491,36,192.0,79.0
1992,name_492,34,176.0,94.0
1993,name_493,35,176.0,69.0
1994,name_494,35,185.0,62.0
1995,name_495,34,182.0,119.0
1996,name_496,31,156.0,92.0
1997,name_497,35,184.0,117.0
1998,name_498,37,184.0,70.0
1999,name_499,32,199.0,83.0
2000,name_500,33,152.0,79.0
2001,name_501,38,181.0,107.0
2002,name_502,32,164.0,116.0
2003,name_503,39,182.0,86.0
2004,name_504,35,193.0,113.0
2005,name_505,39,183.0,98.0
2006,name_506,34,181.0,64.0
2007,name_507,39,183.0,108.0
2008,name_508,31,153.0,119.0
2009,name_509,38,192.0,115.0
2010,name_510,31,176.0,82.0
2011,name_511,36,168.0,67.0
2012,name_512,39,192.0,92.0
2013,name_513,33,190.0,62.0
2014,name_514,31,155.0,72.0
2015,name_515,40,156.0,99.0
2016,name_516,40,196.0,96.0
2017,name_517,34,200.0,111.0
2018,name_518,33,190.0,64.0
2019,name_519,33,199.0,60.0
2020,name_520,35,196.0,72.0
2021,name_521,36,200.0,75.0
2022,name_522,36,187.0,60.0
2023,name_523,32,186.0,57.0
2024,name_524,40,183.0,86.0
2025,name_525,34,172.0,58.0
2026,name_526,40,172.0,85.0
2027,name_527,40,172.0,71.0
2028,name_528,40,194.0,94.0
2029,name_529,34,157.0,88.0
2030,name_530,32,159.0,85.0
2031,name_531,38,170.0,103.0
2032,name_532,35,159.0,83.0
2033,name_533,37,195.0,91.0
2034,name_534,31,186.0,80.0
2035,name_535,38,171.0,115.0
2036,name_536,34,154.0,71.0
2037,name_537,40,164.0,79.0
2038,name_538,40,193.0,77.0
2039,name_539,31,168.0,89.0
2040,name_540,36,159.0,72.0
2041,name_541,38,194.0,70.0
2042,name_542,35,179.0,88.0
2043,name_543,39,176.0,65.0
2044,name_544,33,179.0,69.0
2045,name_545,34,157.0,94.0
2046,name_546,36,200.0,73.0
2047,name_547,35,161.0,113.0
2048,name_548,38,152.0,117.0
2049,name_549,37,172.0,67.0
2050,name_550,36,168.0,120.0
2051,name_551,40,187.0,112.0
2052,name_552,32,199.0,91.0
2053,name_553,38,163.0,114.0
2054,name_554,38,154.0,61.0
2055,name_555,32,188.0,68.0
2056,name_556,37,195.0,82.0
2057,name_557,34,170.0,57.0
2058,name_558,40,176.0,108.0
2059,name_559,35,155.0,114.0
2060,name_560,33,183.0,84.0
2061,name_561,33,191.0,80.0
2062,name_562,35,158.0,82.0
2063,name_563,36,177.0,57.0
2064,name_564,36,175.0,114.0
2065,name_565,31,170.0,115.0
2066,name_566,34,162.0,117.0
2067,name_567,31,167.0,90.0
2068,name_568,37,188.0,102.0
2069,name_569,34,187.0,91.0
2070,name_570,36,152.0,89.0
2071,name_571,36,151.0,90.0
2072,name_572,37,174.0,86.0
2073,name_573,40,172.0,73.0
2074,name_574,31,168.0,101.0
2075,name_575,34,195.0,75.0
2076,name_576,39,158.0,75.0
2077,name_577,31,166.0,82.0
2078,name_578,32,171.0,101.0
2079,name_579,33,165.0,93.0
2080,name_580,31,167.0,96.0
2081,name_581,32,191.0,94.0
2082,name_582,36,155.0,104.0
2083,name_583,35,153.0,114.0
2084,name_584,34,196.0,94.0
2085,name_585,33,172.0,84.0
2086,name_586,39,157.0,120.0
2087,name_587,36,189.0,71.0
2088,name_588,39,176.0,57.0
2089,name_589,37,197.0,110.0
2090,name_590,34,170.0,110.0
2091,name_591,40,173.0,76.0
2092,name_592,33,154.0,105.0
2093,name_593,36,183.0,88.0
2094,name_594,36,159.0,72.0
2095,name_595,38,157.0,74.0
2096,name_596,31,163.0,69.0
2097,name_597,33,193.0,77.0
2098,name_598,32,179.0,89.0
2099,name_599,39,192.0,87.0
2100,name_600,40,172.0,69.0
2101,name_601,38,163.0,114.0
2102,name_602,38,151.0,112.0
2103,name_603,34,195.0,94.0
2104,name_604,33,170.0,72.0
2105,name_605,32,192.0,107.0
2106,name_606,35,194.0,119.0
2107,name_607,33,172.0,79.0
2108,name_608,36,172.0,97.0
2109,name_609,39,178.0,63.0
2110,name_610,40,159.0,64.0
2111,name_611,32,170.0,85.0
2112,name_612,32,162.0,107.0
2113,name_613,33,199.0,61.0
2114,name_614,35,156.0,62.0
2115,name_615,32,185.0,110.0
2116,name_616,32,162.0,103.0
2117,name_617,40,176.0,101.0
2118,name_618,40,188.0,113.0
2119,name_619,32,199.0,87.0
2120,name_620,36,159.0,76.0
2121,name_621,31,160.0,113.0
2122,name_622,39,180.0,83.0
2123,name_623,34,164.0,81.0
2124,name_624,32,190.0,80.0
2125,name_625,35,166.0,61.0
2126,name_626,35,161.0,96.0
2127,name_627,35,163.0,58.0
2128,name_628,34,192.0,56.0
2129,name_629,36,182.0,94.0
2130,name_630,31,170.0,110.0
2131,name_631,31,183.0,64.0
2132,name_632,38,162.0,117.0
2133,name_633,31,170.0,111.0
2134,name_634,31,195.0,68.0
2135,name_635,34,198.0,107.0
2136,name_636,32,170.0,86.0
2137,name_637,32,177.0,61.0
2138,name_638,39,196.0,61.0
2139,name_639,37,160.0,113.0
2140,name_640,39,180.0,83.0
2141,name_641,34,168.0,105.0
2142,name_642,38,174.0,63.0
2143,name_643,32,179.0,76.0
2144,name_644,39,168.0,65.0
2145,name_645,38,154.0,71.0
2146,name_646,40,156.0,101.0
2147,name_647,32,175.0,65.0
2148,name_648,33,187.0,117.0
2149,name_649,36,192.0,92.0
2150,name_650,34,194.0,81.0
2151,name_651,34,179.0,109.0
2152,name_652,35,178.0,90.0
2153,name_653,31,172.0,62.0
2154,name_654,33,198.0,118.0
2155,name_655,40,151.0,61.0
2156,name_656,35,192.0,116.0
2157,name_657,32,197.0,70.0
2158,name_658,34,194.0,86.0
2159,name_659,37,155.0,81.0
2160,name_660,37,158.0,105.0
2161,name_661,34,177.0,91.0
2162,name_662,32,199.0,89.0
2163,name_663,37,180.0,59.0
2164,name_664,36,177.0,120.0
2165,name_665,35,155.0,67.0
2166,name_666,37,184.0,82.0
2167,name_667,31,194.0,73.0
2168,name_668,38,157.0,74.0
2169,name_669,31,162.0,63.0
2170,name_670,39,200.0,76.0
2171,name_671,37,168.0,107.0
2172,name_672,40,160.0,66.0
2173,name_673,33,189.0,63.0
2174,name_674,33,193.0,88.0
2175,name_675,31,177.0,95.0
2176,name_676,35,170.0,97.0
2177,name_677,31,164.0,70.0
2178,name_678,33,190.0,60.0
2179,name_679,40,183.0,77.0
2180,name_680,38,181.0,113.0
2181,name_681,36,159.0,68.0
2182,name_682,35,173.0,61.0
2183,name_683,31,156.0,77.0
2184,name_684,33,173.0,83.0
2185,name_685,38,172.0,117.0
2186,name_686,35,167.0,78.0
2187,name_687,38,191.0,102.0
2188,name_688,32,182.0,99.0
2189,name_689,35,164.0,57.0
2190,name_690,33,167.0,110.0
2191,name_691,32,168.0,70.0
2192,name_692,31,190.0,99.0
2193,name_693,40,194.0,85.0
2194,name_694,37,197.0,99.0
2195,name_695,36,181.0,90.0
2196,name_696,39,172.0,105.0
2197,name_697,36,164.0,107.0
2198,name_698,32,177.0,62.0
2199,name_699,40,164.0,97.0
2200,name_700,34,191.0,120.0
2201,name_701,36,185.0,112.0
2202,name_702,33,182.0,81.0
2203,name_703,31,166.0,69.0
2204,name_704,32,159.0,81.0
2205,name_705,34,193.0,57.0
2206,name_706,36,194.0,93.0
2207,name_707,33,182.0,76.0
2208,name_708,38,181.0,114.0
2209,name_709,38,192.0,57.0
2210,name_710,37,154.0,83.0
2211,name_711,40,169.0,59.0
2212,name_712,32,178.0,77.0
2213,name_713,31,155.0,80.0
2214,name_714,37,151.0,66.0
2215,name_715,38,173.0,110.0
2216,name_716,39,198.0,61.0
2217,name_717,36,182.0,80.0
2218,name_718,31,200.0,114.0
2219,name_719,36,199.0,70.0
2220,name_720,32,167.0,60.0
2221,name_721,34,173.0,73.0
2222,name_722,31,164.0,75.0
2223,name_723,37,177.0,95.0
2224,name_724,35,165.0,68.0
2225,name_725,32,197.0,76.0
2226,name_726,39,159.0,78.0
2227,name_727,33,158.0,120.0
2228,name_728,36,190.0,73.0
2229,name_729,31,160.0,120.0
2230,name_730,34,187.0,96.0
2231,name_731,40,189.0,60.0
2232,name_732,31,151.0,115.0
2233,name_733,36,151.0,83.0
2234,name_734,31,160.0,97.0
2235,name_735,37,166.0,93.0
2236,name_736,40,158.0,111.0
2237,name_737,38,172.0,106.0
2238,name_738,36,179.0,62.0
2239,name_739,38,182.0,107.0
2240,name_740,31,199.0,95.0
2241,name_741,32,153.0,102.0
2242,name_742,35,195.0,72.0
2243,name_743,36,153.0,95.0
2244,name_744,39,178.0,64.0
2245,name_745,40,180.0,116.0
2246,name_746,39,181.0,85.0
2247,name_747,35,186.0,74.0
2248,name_748,33,182.0,72.0
2249,name_749,34,159.0,103.0
2250,name_750,32,170.0,93.0
2251,name_751,38,154.0,57.0
2252,name_752,40,180.0,68.0
2253,name_753,32,162.0,101.0
2254,name_754,39,198.0,75.0
2255,name_755,37,173.0,73.0
2256,name_756,40,157.0,98.0
2257,name_757,40,182.0,78.0
2258,name_758,39,164.0,105.0
2259,name_759,40,183.0,75.0
2260,name_760,36,192.0,90.0
2261,name_761,32,162.0,99.0
2262,name_762,37,155.0,97.0
2263,name_763,39,176.0,116.0
2264,name_764,32,188.0,84.0
2265,name_765,39,160.0,75.0
2266,name_766,40,185.0,101.0
2267,name_767,35,199.0,96.0
2268,name_768,33,160.0,78.0
2269,name_769,32,183.0,112.0
2270,name_770,34,167.0,86.0
2271,name_771,34,166.0,89.0
2272,name_772,37,183.0,77.0
2273,name_773,38,179.0,102.0
2274,name_774,39,157.0,63.0
2275,name_775,32,179.0,74.0
2276,name_776,38,186.0,81.0
2277,name_777,39,153.0,103.0
2278,name_778,36,171.0,86.0
2279,name_779,32,162.0,106.0
2280,name_780,33,186.0,115.0
2281,name_781,35,168.0,88.0
2282,name_782,35,183.0,56.0
2283,name_783,31,164.0,67.0
2284,name_784,31,196.0,73.0
2285,name_785,37,169.0,118.0
2286,name_786,37,178.0,101.0
2287,name_787,39,158.0,68.0
2288,name_788,36,153.0,97.0
2289,name_789,31,172.0,115.0
2290,name_790,33,183.0,81.0
2291,name_791,31,194.0,76.0
2292,name_792,40,193.0,80.0
2293,name_793,34,183.0,67.0
2294,name_794,40,159.0,58.0
2295,name_795,37,163.0,68.0
2296,name_796,33,183.0,91.0
2297,name_797,38,161.0,102.0
2298,name_798,40,185.0,92.0
2299,name_799,38,197.0,84.0
2300,name_800,35,196.0,71.0
2301,name_801,35,170.0,103.0
2302,name_802,35,200.0,99.0
2303,name_803,34,186.0,90.0
2304,name_804,36,154.0,103.0
2305,name_805,35,158.0,76.0
2306,name_806,32,187.0,72.0
2307,name_807,31,176.0,80.0
2308,name_808,34,190.0,105.0
2309,name_809,35,200.0,93.0
2310,name_810,40,200.0,63.0
2311,name_811,37,184.0,90.0
2312,name_812,37,186.0,93.0
2313,name_813,38,151.0,109.0
2314,name_814,31,199.0,93.0
2315,name_815,40,163.0,70.0
2316,name_816,34,158.0,97.0
2317,name_817,38,151.0,102.0
2318,name_818,36,169.0,81.0
2319,name_819,39,195.0,57.0
2320,name_820,35,158.0,83.0
2321,name_821,37,152.0,67.0
2322,name_822,38,174.0,114.0
2323,name_823,32,198.0,79.0
2324,name_824,40,180.0,64.0
2325,name_825,40,162.0,79.0
2326,name_826,32,175.0,65.0
2327,name_827,33,185.0,104.0
2328,name_828,38,164.0,72.0
2329,name_829,35,176.0,68.0
2330,name_830,34,172.0,117.0
2331,name_831,35,175.0,56.0
2332,name_832,37,152.0,75.0
2333,name_833,35,160.0,100.0
2334,name_834,39,166.0,116.0
2335,name_835,37,186.0,83.0
2336,name_836,40,185.0,86.0
2337,name_837,33,200.0,61.0
2338,name_838,35,152.0,106.0
2339,name_839,39,191.0,93.0
2340,name_840,35,177.0,75.0
2341,name_841,39,176.0,115.0
2342,name_842,31,171.0,119.0
2343,name_843,37,170.0,116.0
2344,name_844,36,191.0,89.0
2345,name_845,32,152.0,108.0
2346,name_846,40,172.0,68.0
2347,name_847,37,193.0,70.0
2348,name_848,36,153.0,96.0
2349,name_849,40,200.0,59.0
2350,name_850,34,168.0,111.0
2351,name_851,33,173.0,96.0
2352,name_852,38,200.0,97.0
2353,name_853,32,153.0,103.0
2354,name_854,35,155.0,61.0
2355,name_855,32,170.0,95.0
2356,name_856,39,169.0,77.0
2357,name_857,36,181.0,90.0
2358,name_858,38,165.0,64.0
2359,name_859,39,184.0,114.0
2360,name_860,35,184.0,118.0
2361,name_861,38,151.0,103.0
2362,name_862,37,195.0,97.0
2363,name_863,35,172.0,106.0
2364,name_864,36,181.0,74.0
2365,name_865,36,151.0,80.0
2366,name_866,39,153.0,104.0
2367,name_867,37,188.0,116.0
2368,name_868,35,170.0,97.0
2369,name_869,40,155.0,84.0
2370,name_870,40,174.0,84.0
2371,name_871,38,179.0,90.0
2372,name_872,40,160.0,61.0
2373,name_873,39,156.0,114.0
2374,name_874,32,158.0,69.0
2375,name_875,37,172.0,75.0
2376,name_876,33,159.0,69.0
2377,name_877,36,197.0,65.0
2378,name_878,40,162.0,80.0
2379,name_879,32,183.0,110.0
2380,name_880,32,170.0,84.0
2381,name_881,31,192.0,59.0
2382,name_882,39,192.0,103.0
2383,name_883,32,182.0,101.0
2384,name_884,36,192.0,82.0
2385,name_885,36,174.0,101.0
2386,name_886,31,167.0,81.0
2387,name_887,31,194.0,74.0
2388,name_888,39,166.0,61.0
2389,name_889,35,199.0,88.0
2390,name_890,37,178.0,117.0
2391,name_891,31,173.0,61.0
2392,name_892,31,160.0,100.0
2393,name_893,39,165.0,110.0
2394,name_894,34,155.0,86.0
2395,name_895,32,156.0,69.0
2396,name_896,38,151.0,110.0
2397,name_897,32,167.0,66.0
2398,name_898,39,184.0,113.0
2399,name_899,35,168.0,90.0
2400,name_900,36,169.0,63.0
2401,name_901,35,196.0,66.0
2402,name_902,31,196.0,74.0
2403,name_903,38,186.0,82.0
2404,name_904,40,170.0,68.0
2405,name_905,38,169.0,89.0
2406,name_906,35,187.0,73.0
2407,name_907,32,199.0,82.0
2408,name_908,32,169.0,89.0
2409,name_909,35,190.0,92.0
2410,name_910,35,174.0,59.0
2411,name_911,39,161.0,81.0
2412,name_912,34,179.0,106.0
2413,name_913,32,183.0,100.0
2414,name_914,35,165.0,56.0
2415,name_915,32,194.0,108.0
2416,name_916,35,187.0,80.0
2417,name_917,38,170.0,110.0
2418,name_918,40,172.0,68.0
2419,name_919,37,195.0,79.0
2420,name_920,32,174.0,120.0
2421,name_921,36,200.0,67.0
2422,name_922,39,198.0,61.0
2423,name_923,36,179.0,65.0
2424,name_924,31,182.0,64.0
2425,name_925,38,165.0,73.0
2426,name_926,35,179.0,83.0
2427,name_927,34,181.0,116.0
2428,name_928,39,166.0,63.0
2429,name_929,37,191.0,68.0
2430,name_930,36,199.0,75.0
2431,name_931,36,153.0,87.0
2432,name_932,33,190.0,69.0
2433,name_933,37,184.0,81.0
2434,name_934,40,182.0,73.0
2435,name_935,35,177.0,72.0
2436,name_936,37,181.0,57.0
2437,name_937,33,166.0,101.0
2438,name_938,36,187.0,119.0
2439,name_939,37,177.0,93.0
2440,name_940,33,180.0,65.0
2441,name_941,40,171.0,65.0
2442,name_942,35,152.0,99.0
2443,name_943,33,158.0,57.0
2444,name_944,38,176.0,83.0
2445,name_945,36,175.0,110.0
2446,name_946,37,193.0,72.0
2447,name_947,38,194.0,66.0
2448,name_948,32,176.0,118.0
2449,name_949,33,171.0,73.0
2450,name_950,32,193.0,111.0
2451,name_951,38,151.0,117.0
2452,name_952,37,173.0,75.0
2453,name_953,32,188.0,82.0
2454,name_954,38,175.0,72.0
2455,name_955,38,151.0,110.0
2456,name_956,32,162.0,102.0
2457,name_957,39,161.0,82.0
2458,name_958,35,192.0,118.0
2459,name_959,33,179.0,57.0
2460,name_960,34,185.0,83.0
2461,name_961,31,191.0,120.0
2462,name_962,36,194.0,98.0
2463,name_963,37,160.0,59.0
2464,name_964,38,169.0,106.0
2465,name_965,38,164.0,69.0
2466,name_966,33,175.0,104.0
2467,name_967,34,164.0,84.0
2468,name_968,34,175.0,82.0
2469,name_969,36,179.0,65.0
2470,name_970,31,194.0,66.0
2471,name_971,32,168.0,73.0
2472,name_972,34,189.0,114.0
2473,name_973,33,167.0,58.0
2474,name_974,33,197.0,56.0
2475,name_975,33,159.0,63.0
2476,name_976,31,157.0,77.0
2477,name_977,34,179.0,113.0
2478,name_978,38,197.0,86.0
2479,name_979,36,169.0,69.0
2480,name_980,40,152.0,80.0
2481,name_981,38,186.0,71.0
2482,name_982,32,189.0,91.0
2483,name_983,35,170.0,103.0
2484,name_984,35,163.0,107.0
2485,name_985,33,182.0,91.0
2486,name_986,39,178.0,71.0
2487,name_987,36,195.0,112.0
2488,name_988,37,188.0,106.0
2489,name_989,37,187.0,108.0
2490,name_990,39,187.0,66.0
2491,name_991,37,188.0,108.0
2492,name_992,38,172.0,113.0
2493,name_993,32,194.0,58.0
2494,name_994,36,185.0,107.0
2495,name_995,39,151.0,84.0
2496,name_996,32,175.0,56.0
2497,name_997,36,177.0,65.0
2498,name_998,32,166.0,63.0
2499,name_999,37,195.0,87.0
2500,name_1000,38,172.0,111.0
2501,name_1001,40,161.0,70.0
2502,name_1002,35,181.0,98.0
2503,name_1003,35,165.0,64.0
2504,name_1004,38,176.0,68.0
2505,name_1005,35,184.0,119.0
2506,name_1006,39,173.0,98.0
2507,name_1007,40,181.0,74.0
2508,name_1008,37,166.0,95.0
2509,name_1009,32,190.0,91.0
2510,name_1010,34,165.0,75.0
2511,name_1011,37,166.0,96.0
2512,name_1012,33,159.0,70.0
2513,name_1013,37,171.0,67.0
2514,name_1014,37,185.0,88.0
2515,name_1015,35,194.0,114.0
2516,name_1016,40,191.0,76.0
2517,name_1017,32,151.0,86.0
2518,name_1018,34,163.0,69.0
2519,name_1019,34,155.0,83.0
2520,name_1020,39,151.0,86.0
2521,name_1021,34,166.0,86.0
2522,name_1022,35,187.0,78.0
2523,name_1023,36,195.0,100.0
2524,name_1024,38,180.0,104.0
2525,name_1025,40,186.0,91.0
2526,name_1026,37,178.0,109.0
2527,name_1027,35,188.0,84.0
2528,name_1028,40,168.0,120.0
2529,name_1029,39,175.0,107.0
2530,name_1030,35,151.0,98.0
2531,name_1031,32,153.0,96.0
2532,name_1032,40,153.0,73.0
2533,name_1033,33,162.0,92.0
2534,name_1034,31,189.0,95.0
2535,name_1035,38,185.0,80.0
2536,name_1036,38,192.0,107.0
2537,name_1037,35,191.0,106.0
2538,name_1038,35,190.0,98.0
2539,name_1039,40,185.0,100.0
2540,name_1040,34,187.0,92.0
2541,name_1041,36,167.0,108.0
2542,name_1042,32,154.0,58.0
2543,name_1043,40,193.0,74.0
2544,name_1044,39,173.0,101.0
2545,name_1045,32,181.0,95.0
2546,name_1046,33,161.0,85.0
2547,name_1047,37,195.0,85.0
2548,name_1048,37,187.0,106.0
2549,name_1049,37,157.0,94.0
2550,name_1050,36,196.0,118.0
2551,name_1051,31,176.0,75.0
2552,name_1052,40,200.0,59.0
2553,name_1053,33,155.0,102.0
2554,name_1054,34,170.0,120.0
2555,name_1055,39,159.0,78.0
2556,name_1056,33,156.0,111.0
2557,name_1057,40,152.0,82.0
2558,name_1058,40,176.0,101.0
2559,name_1059,31,197.0,95.0
2560,name_1060,33,175.0,99.0
2561,name_1061,39,164.0,105.0
2562,name_1062,40,185.0,87.0
2563,name_1063,34,167.0,91.0
2564,name_1064,38,154.0,64.0
2565,name_1065,35,192.0,106.0
2566,name_1066,35,196.0,69.0
2567,name_1067,34,200.0,56.0
2568,name_1068,31,158.0,96.0
2569,name_1069,38,182.0,58.0
2570,name_1070,33,167.0,109.0
2571,name_1071,31,152.0,111.0
2572,name_1072,32,160.0,89.0
2573,name_1073,40,171.0,62.0
2574,name_1074,33,154.0,88.0
2575,name_1075,33,200.0,61.0
2576,name_1076,35,153.0,114.0
2577,name_1077,33,190.0,60.0
2578,name_1078,40,189.0,112.0
2579,name_1079,31,173.0,68.0
2580,name_1080,37,177.0,106.0
2581,name_1081,33,155.0,98.0
2582,name_1082,40,191.0,68.0
2583,name_1083,36,153.0,102.0
2584,name_1084,34,189.0,100.0
2585,name_1085,32,181.0,97.0
2586,name_1086,34,193.0,70.0
2587,name_1087,36,200.0,77.0
2588,name_1088,37,173.0,66.0
2589,name_1089,36,152.0,97.0
2590,name_1090,31,177.0,83.0
2591,name_1091,35,159.0,79.0
2592,name_1092,34,176.0,92.0
2593,name_1093,33,189.0,118.0
2594,name_1094,36,187.0,58.0
2595,name_1095,31,151.0,118.0
2596,name_1096,39,160.0,88.0
2597,name_1097,40,160.0,66.0
2598,name_1098,33,177.0,61.0
2599,name_1099,39,194.0,110.0
2600,name_1100,36,172.0,78.0
2601,name_1101,35,168.0,73.0
2602,name_1102,34,195.0,83.0
2603,name_1103,35,154.0,115.0
2604,name_1104,34,162.0,118.0
2605,name_1105,31,179.0,95.0
2606,name_1106,34,189.0,115.0
2607,name_1107,33,181.0,71.0
2608,name_1108,34,199.0,111.0
2609,name_1109,34,156.0,90.0
2610,name_1110,34,152.0,69.0
2611,name_1111,40,152.0,77.0
2612,name_1112,36,198.0,117.0
2613,name_1113,39,184.0,96.0
2614,name_1114,31,182.0,112.0
2615,name_1115,35,188.0,75.0
2616,name_1116,33,167.0,116.0
2617,name_1117,37,173.0,74.0
2618,name_1118,31,174.0,67.0
2619,name_1119,35,185.0,62.0
2620,name_1120,35,200.0,94.0
2621,name_1121,40,152.0,73.0
2622,name_1122,33,173.0,87.0
2623,name_1123,31,196.0,76.0
2624,name_1124,39,172.0,92.0
2625,name_1125,35,182.0,104.0
2626,name_1126,39,158.0,64.0
2627,name_1127,32,179.0,73.0
2628,name_1128,37,166.0,100.0
2629,name_1129,36,176.0,57.0
2630,name_1130,36,190.0,73.0
2631,name_1131,40,152.0,72.0
2632,name_1132,32,157.0,62.0
2633,name_1133,32,166.0,69.0
2634,name_1134,31,192.0,111.0
2635,name_1135,39,173.0,109.0
2636,name_1136,38,170.0,97.0
2637,name_1137,31,161.0,119.0
2638,name_1138,33,165.0,104.0
2639,name_1139,39,199.0,75.0
2640,name_1140,36,154.0,95.0
2641,name_1141,38,159.0,87.0
2642,name_1142,40,156.0,110.0
2643,name_1143,39,180.0,87.0
2644,name_1144,37,193.0,75.0
2645,name_1145,40,189.0,61.0
2646,name_1146,31,155.0,72.0
2647,name_1147,31,168.0,98.0
2648,name_1148,33,161.0,75.0
2649,name_1149,40,187.0,110.0
2650,name_1150,31,183.0,62.0
2651,name_1151,36,181.0,74.0
2652,name_1152,36,156.0,104.0
2653,name_1153,35,199.0,89.0
2654,name_1154,37,194.0,74.0
2655,name_1155,39,168.0,70.0
2656,name_1156,31,184.0,63.0
2657,name_1157,36,174.0,98.0
2658,name_1158,39,166.0,120.0
2659,name_1159,31,158.0,97.0
2660,name_1160,38,153.0,112.0
2661,name_1161,33,174.0,99.0
2662,name_1162,40,181.0,74.0
2663,name_1163,36,151.0,79.0
2664,name_1164,38,182.0,116.0
2665,name_1165,38,157.0,75.0
2666,name_1166,32,182.0,110.0
2667,name_1167,34,200.0,59.0
2668,name_1168,34,167.0,107.0
2669,name_1169,40,167.0,108.0
2670,name_1170,31,191.0,118.0
2671,name_1171,34,186.0,98.0
2672,name_1172,31,175.0,66.0
2673,name_1173,34,159.0,112.0
2674,name_1174,39,175.0,118.0
2675,name_1175,34,153.0,63.0
2676,name_1176,34,183.0,60.0
2677,name_1177,34,186.0,81.0
2678,name_1178,39,199.0,78.0
2679,name_1179,39,162.0,96.0
2680,name_1180,34,152.0,120.0
2681,name_1181,40,177.0,118.0
2682,name_1182,33,160.0,77.0
2683,name_1183,31,167.0,87.0
2684,name_1184,34,176.0,79.0
2685,name_1185,33,169.0,119.0
2686,name_1186,38,151.0,100.0
2687,name_1187,35,199.0,98.0
2688,name_1188,34,193.0,65.0
2689,name_1189,32,174.0,110.0
2690,name_1190,38,164.0,62.0
2691,name_1191,37,158.0,99.0
2692,name_1192,40,182.0,77.0
2693,name_1193,38,199.0,84.0
2694,name_1194,33,158.0,111.0
2695,name_1195,39,176.0,64.0
2696,name_1196,31,153.0,57.0
2697,name_1197,40,190.0,56.0
2698,name_1198,37,167.0,96.0
2699,name_1199,32,187.0,73.0
2700,name_1200,32,154.0,111.0
2701,name_1201,31,185.0,73.0
2702,name_1202,34,189.0,113.0
2703,name_1203,32,197.0,77.0
2704,name_1204,39,166.0,117.0
2705,name_1205,39,167.0,66.0
2706,name_1206,38,172.0,109.0
2707,name_1207,39,185.0,117.0
2708,name_1208,37,177.0,96.0
2709,name_1209,36,194.0,102.0
2710,name_1210,40,187.0,102.0
2711,name_1211,34,188.0,96.0
2712,name_1212,39,171.0,85.0
2713,name_1213,31,152.0,114.0
2714,name_1214,35,166.0,80.0
2715,name_1215,40,176.0,107.0
2716,name_1216,35,186.0,78.0
2717,name_1217,36,184.0,104.0
2718,name_1218,37,164.0,71.0
2719,name_1219,34,159.0,103.0
2720,name_1220,32,172.0,107.0
2721,name_1221,37,195.0,89.0
2722,name_1222,40,200.0,69.0
2723,name_1223,31,185.0,71.0
2724,name_1224,32,198.0,79.0
2725,name_1225,40,191.0,60.0
2726,name_1226,40,177.0,106.0
2727,name_1227,33,159.0,117.0
2728,name_1228,33,171.0,76.0
2729,name_1229,34,182.0,68.0
2730,name_1230,31,190.0,105.0
2731,name_1231,35,191.0,109.0
2732,name_1232,37,194.0,77.0
2733,name_1233,31,166.0,79.0
2734,name_1234,39,165.0,111.0
2735,name_1235,34,171.0,113.0
2736,name_1236,32,162.0,97.0
2737,name_1237,35,178.0,74.0
2738,name_1238,38,194.0,65.0
2739,name_1239,31,198.0,91.0
2740,name_1240,39,188.0,65.0
2741,name_1241,35,192.0,109.0
2742,name_1242,36,176.0,104.0
2743,name_1243,33,193.0,95.0
2744,name_1244,35,182.0,97.0
2745,name_1245,34,181.0,67.0
2746,name_1246,31,189.0,96.0
2747,name_1247,39,161.0,93.0
2748,name_1248,33,184.0,86.0
2749,name_1249,34,171.0,117.0
2750,name_1250,36,190.0,80.0
2751,name_1251,36,177.0,59.0
2752,name_1252,37,154.0,81.0
2753,name_1253,39,191.0,96.0
2754,name_1254,38,188.0,90.0
2755,name_1255,35,183.0,116.0
2756,name_1256,37,181.0,56.0
2757,name_1257,32,198.0,67.0
2758,name_1258,31,179.0,108.0
2759,name_1259,34,162.0,66.0
2760,name_1260,31,198.0,88.0
2761,name_1261,37,191.0,58.0
2762,name_1262,38,194.0,116.0
2763,name_1263,31,179.0,97.0
2764,name_1264,35,174.0,117.0
2765,name_1265,33,177.0,112.0
2766,name_1266,38,200.0,107.0
2767,name_1267,31,182.0,63.0
2768,name_1268,37,157.0,93.0
2769,name_1269,36,190.0,82.0
2770,name_1270,38,165.0,78.0
2771,name_1271,39,167.0,57.0
2772,name_1272,32,174.0,58.0
2773,name_1273,38,187.0,77.0
2774,name_1274,35,169.0,82.0
2775,name_1275,40,171.0,74.0
2776,name_1276,32,157.0,61.0
2777,name_1277,40,187.0,97.0
2778,name_1278,31,156.0,88.0
2779,name_1279,33,182.0,84.0
2780,name_1280,34,167.0,100.0
2781,name_1281,35,156.0,74.0
2782,name_1282,31,171.0,112.0
2783,name_1283,32,154.0,119.0
2784,name_1284,37,163.0,76.0
2785,name_1285,39,170.0,77.0
2786,name_1286,35,168.0,79.0
2787,name_1287,38,178.0,92.0
2788,name_1288,32,158.0,74.0
2789,name_1289,40,196.0,99.0
2790,name_1290,37,153.0,85.0
2791,name_1291,32,164.0,118.0
2792,name_1292,40,156.0,89.0
2793,name_1293,33,189.0,60.0
2794,name_1294,31,153.0,64.0
2795,name_1295,35,197.0,75.0
2796,name_1296,37,172.0,63.0
2797,name_1297,34,164.0,82.0
2798,name_1298,33,196.0,111.0
2799,name_1299,36,165.0,101.0
2800,name_1300,37,163.0,68.0
2801,name_1301,33,183.0,89.0
2802,name_1302,37,183.0,77.0
2803,name_1303,38,182.0,120.0
2804,name_1304,31,170.0,101.0
2805,name_1305,34,188.0,98.0
2806,name_1306,40,199.0,116.0
2807,name_1307,38,189.0,100.0
2808,name_1308,32,178.0,80.0
2809,name_1309,33,161.0,73.0
2810,name_1310,37,177.0,101.0
2811,name_1311,39,168.0,58.0
2812,name_1312,32,188.0,72.0
2813,name_1313,31,169.0,105.0
2814,name_1314,37,160.0,111.0
2815,name_1315,37,196.0,86.0
2816,name_1316,37,183.0,80.0
2817,name_1317,40,186.0,98.0
2818,name_1318,32,182.0,106.0
2819,name_1319,31,192.0,59.0
2820,name_1320,39,192.0,104.0
2821,name_1321,33,197.0,119.0
2822,name_1322,31,169.0,101.0
2823,name_1323,34,191.0,116.0
2824,name_1324,33,167.0,120.0
2825,name_1325,40,197.0,98.0
2826,name_1326,35,175.0,118.0
2827,name_1327,34,151.0,112.0
2828,name_1328,34,158.0,103.0
2829,name_1329,32,182.0,100.0
2830,name_1330,36,175.0,114.0
2831,name_1331,31,175.0,77.0
2832,name_1332,33,154.0,100.0
2833,name_1333,33,200.0,74.0
2834,name_1334,36,185.0,115.0
2835,name_1335,36,189.0,79.0
2836,name_1336,36,171.0,92.0
2837,name_1337,36,164.0,93.0
2838,name_1338,31,174.0,69.0
2839,name_1339,37,180.0,58.0
2840,name_1340,35,153.0,114.0
2841,name_1341,34,161.0,112.0
2842,name_1342,38,198.0,98.0
2843,name_1343,34,199.0,103.0
2844,name_1344,37,165.0,82.0
2845,name_1345,32,173.0,110.0
2846,name_1346,39,193.0,94.0
2847,name_1347,35,165.0,68.0
2848,name_1348,32,152.0,104.0
2849,name_1349,37,160.0,112.0
2850,name_1350,39,172.0,100.0
2851,name_1351,32,189.0,76.0
2852,name_1352,33,177.0,105.0
2853,name_1353,33,194.0,96.0
2854,name_1354,36,187.0,61.0
2855,name_1355,33,193.0,93.0
2856,name_1356,34,153.0,69.0
2857,name_1357,39,183.0,99.0
2858,name_1358,34,199.0,102.0
2859,name_1359,37,200.0,60.0
2860,name_1360,34,188.0,92.0
2861,name_1361,36,160.0,71.0
2862,name_1362,37,166.0,105.0
2863,name_1363,39,196.0,56.0
2864,name_1364,34,188.0,101.0
2865,name_1365,33,155.0,103.0
2866,name_1366,34,181.0,117.0
2867,name_1367,39,184.0,98.0
2868,name_1368,33,164.0,94.0
2869,name_1369,32,153.0,103.0
2870,name_1370,36,169.0,74.0
2871,name_1371,34,198.0,98.0
2872,name_1372,35,154.0,62.0
2873,name_1373,34,161.0,67.0
2874,name_1374,33,188.0,120.0
2875,name_1375,37,171.0,59.0
2876,name_1376,40,191.0,63.0
2877,name_1377,32,166.0,66.0
2878,name_1378,39,189.0,76.0
2879,name_1379,33,171.0,69.0
2880,name_1380,39,179.0,77.0
2881,name_1381,40,188.0,116.0
2882,name_1382,35,162.0,114.0
2883,name_1383,39,169.0,84.0
2884,name_1384,31,155.0,67.0
2885,name_1385,37,183.0,78.0
2886,name_1386,39,198.0,78.0
2887,name_1387,39,171.0,82.0
2888,name_1388,39,193.0,105.0
2889,name_1389,33,152.0,80.0
2890,name_1390,39,195.0,58.0
2891,name_1391,35,168.0,75.0
2892,name_1392,35,167.0,73.0
2893,name_1393,34,155.0,75.0
2894,name_1394,33,160.0,76.0
2895,name_1395,40,198.0,111.0
2896,name_1396,34,165.0,81.0
2897,name_1397,31,160.0,103.0
2898,name_1398,32,168.0,81.0
2899,name_1399,40,176.0,105.0
2900,name_1400,33,196.0,108.0
2901,name_1401,34,158.0,107.0
2902,name_1402,36,162.0,92.0
2903,name_1403,32,155.0,119.0
2904,name_1404,37,158.0,116.0
2905,name_1405,32,156.0,119.0
2906,name_1406,36,194.0,101.0
2907,name_1407,39,166.0,113.0
2908,name_1408,35,188.0,74.0
2909,name_1409,33,164.0,99.0
2910,name_1410,36,180.0,83.0
2911,name_1411,34,174.0,73.0
2912,name_1412,40,153.0,78.0
2913,name_1413,36,187.0,118.0
2914,name_1414,37,171.0,62.0
2915,name_1415,33,196.0,107.0
2916,name_1416,33,152.0,73.0
2917,name_1417,34,184.0,86.0
2918,name_1418,34,166.0,87.0
2919,name_1419,35,152.0,100.0
2920,name_1420,34,175.0,87.0
2921,name_1421,40,176.0,91.0
2922,name_1422,33,170.0,77.0
2923,name_1423,36,179.0,75.0
2924,name_1424,39,158.0,77.0
2925,name_1425,32,195.0,117.0
2926,name_1426,31,174.0,68.0
2927,name_1427,36,157.0,60.0
2928,name_1428,39,164.0,98.0
2929,name_1429,35,174.0,113.0
2930,name_1430,40,166.0,95.0
2931,name_1431,31,177.0,86.0
2932,name_1432,38,165.0,68.0
2933,name_1433,32,200.0,97.0
2934,name_1434,32,152.0,91.0
2935,name_1435,37,187.0,99.0
2936,name_1436,32,176.0,74.0
2937,name_1437,39,168.0,72.0
2938,name_1438,33,167.0,56.0
2939,name_1439,31,157.0,91.0
2940,name_1440,34,151.0,61.0
2941,name_1441,34,180.0,108.0
2942,name_1442,34,155.0,93.0
2943,name_1443,36,163.0,87.0
2944,name_1444,37,190.0,120.0
2945,name_1445,36,199.0,61.0
2946,name_1446,36,173.0,95.0
2947,name_1447,37,181.0,56.0
2948,name_1448,32,192.0,98.0
2949,name_1449,38,191.0,105.0
2950,name_1450,35,191.0,108.0
2951,name_1451,36,176.0,104.0
2952,name_1452,33,152.0,81.0
2953,name_1453,39,163.0,91.0
2954,name_1454,40,166.0,91.0
2955,name_1455,39,178.0,68.0
2956,name_1456,34,161.0,56.0
2957,name_1457,34,195.0,75.0
2958,name_1458,39,157.0,73.0
2959,name_1459,40,199.0,116.0
2960,name_1460,39,162.0,100.0
2961,name_1461,38,184.0,63.0
2962,name_1462,36,181.0,72.0
2963,name_1463,35,178.0,80.0
2964,name_1464,33,156.0,105.0
2965,name_1465,35,155.0,58.0
2966,name_1466,40,181.0,70.0
2967,name_1467,33,179.0,63.0
2968,name_1468,39,155.0,103.0
2969,name_1469,35,152.0,108.0
2970,name_1470,40,169.0,118.0
2971,name_1471,37,175.0,87.0
2972,name_1472,39,153.0,91.0
2973,name_1473,36,161.0,76.0
2974,name_1474,40,195.0,89.0
2975,name_1475,40,163.0,77.0
2976,name_1476,40,186.0,104.0
2977,name_1477,36,188.0,116.0
2978,name_1478,35,162.0,117.0
2979,name_1479,31,169.0,105.0
2980,name_1480,37,153.0,74.0
2981,name_1481,33,172.0,83.0
2982,name_1482,38,179.0,91.0
2983,name_1483,31,173.0,69.0
2984,name_1484,37,184.0,79.0
2985,name_1485,39,156.0,119.0
2986,name_1486,36,152.0,82.0
2987,name_1487,40,168.0,57.0
2988,name_1488,31,167.0,83.0
2989,name_1489,31,160.0,98.0
2990,name_1490,37,177.0,94.0
2991,name_1491,34,157.0,85.0
2992,name_1492,39,157.0,120.0
2993,name_1493,36,184.0,107.0
2994,name_1494,40,170.0,63.0
2995,name_1495,35,183.0,58.0
2996,name_1496,33,157.0,115.0
2997,name_1497,32,156.0,60.0
2998,name_1498,31,191.0,56.0
2999,name_1499,37,160.0,57.0
3000,name_1500,36,183.0,95.0
